SALE TYPE,SOLD DATE,PROPERTY TYPE,ADDRESS,CITY,STATE OR PROVINCE,ZIP OR POSTAL CODE,PRICE,BEDS,BATHS,LOCATION,SQUARE FEET,LOT SIZE,YEAR BUILT,DAYS ON MARKET,$/SQUARE FEET,HOA/MONTH,STATUS,NEXT OPEN HOUSE START TIME,NEXT OPEN HOUSE END TIME,URL (SEE https://www.redfin.com/buy-a-home/comparative-market-analysis FOR INFO ON PRICING),SOURCE,MLS#,FAVORITE,INTERESTED,LATITUDE,LONGITUDE
"In accordance with local MLS rules, some MLS listings are not included in the download"
MLS Listing,,Single Family Residential,3668 Torrance Blvd,Frisco,TX,75034,1900000,5,6.5,Edgestone At Legacy,5492,15202,2017,6,346,250,Active,,,https://www.redfin.com/TX/Frisco/3668-Torrance-Blvd-75034/home/143671172,NTREIS,21165060,N,Y,33.1251284,-96.8571397
MLS Listing,,Single Family Residential,7800 Brookview Dr,Frisco,TX,75034,559900,5,2.5,Oakbrook Park Estates Ph III,2613,6970,1998,13,214,29,Active,,,https://www.redfin.com/TX/Frisco/7800-Brookview-Dr-75034/home/32105189,NTREIS,21184076,N,Y,33.1434276,-96.8166381
MLS Listing,,Single Family Residential,15090 Snowshill Dr,Frisco,TX,75035,600000,4,2.5,Turnbridge Manor Ph Two,3074,7841,2003,27,195,58,Active,,,https://www.redfin.com/TX/Frisco/15090-Snowshill-Dr-75035/home/32325662,NTREIS,21173227,N,Y,33.1248164,-96.7439164
MLS Listing,,Single Family Residential,7163 Kentwood Dr,Frisco,TX,75034,1449000,5,5.5,Park Place Estates Ph1,5001,11195,2012,53,290,73,Active,,,https://www.redfin.com/TX/Frisco/7163-Kentwood-Dr-75034/home/40318188,NTREIS,21134241,N,Y,33.140141277,-96.85243328
MLS Listing,,Single Family Residential,10234 Cava Rd,Frisco,TX,75035,750000,5,4.0,Miramonte Ph 1a,4031,10585,2013,65,186,72,Active,,,https://www.redfin.com/TX/Frisco/10234-Cava-Rd-75035/home/44489123,NTREIS,21141670,N,Y,33.1927646,-96.7919385
MLS Listing,,Single Family Residential,9857 Avalon Dr,Frisco,TX,75035,719900,5,3.5,Crown Ridge Ph 1,4009,6970,2006,104,180,75,Active,,,https://www.redfin.com/TX/Frisco/9857-Avalon-Dr-75035/home/31695144,NTREIS,21114477,N,Y,33.1907613,-96.7958046
MLS Listing,,Single Family Residential,4670 Refugio Rd,Frisco,TX,75034,650000,4,3.5,Stewart Creek Estates Ph 1,3234,5489,2001,122,201,30,Active,,,https://www.redfin.com/TX/Frisco/4670-Refugio-Rd-75034/home/33129509,NTREIS,21063783,N,Y,33.118104,-96.8535744
MLS Listing,,Single Family Residential,3399 Columbus Dr,Frisco,TX,75034,625000,4,2.5,Heritage Lakes Ph 4 & 5,3357,7667,2005,143,186,197,Active,,,https://www.redfin.com/TX/Frisco/3399-Columbus-Dr-75034/home/32548171,NTREIS,21081832,N,Y,33.1074478,-96.8599236
MLS Listing,,Single Family Residential,12000 Port Rd,Frisco,TX,75035,445000,3,2.0,Preston Lakes Add Ph V,1636,7405,1996,170,272,19,Active,,,https://www.redfin.com/TX/Frisco/12000-Port-Rd-75035/home/32235938,NTREIS,21057381,N,Y,33.1473398,-96.7740911
MLS Listing,,Single Family Residential,1071 Jennala Dr,Frisco,TX,75036,1374900,5,5.0,Phillips Creek Ranch Ph 4b,4838,9235,2016,184,284,220,Active,,,https://www.redfin.com/TX/Frisco/1071-Jennala-Dr-75036/home/109678837,NTREIS,21044082,N,Y,33.1286667,-96.8831152
MLS Listing,,Single Family Residential,6842 Gavin Dr,Frisco,TX,75034,799000,4,3.5,Edgestone At Legacy Ph 2,3012,6621,2019,261,265,125,Active,,,https://www.redfin.com/TX/Frisco/6842-Gavin-Dr-75034/home/168888917,NTREIS,20973652,N,Y,33.1351785,-96.8526022
Redfin Data,,Single Family Residential,863 Gladewater Dr,Frisco,TX,75033,650000,4,3.0,Frisco,3167,7405,2010,2,205,58,Pre On-Market,,,https://www.redfin.com/TX/Frisco/863-Gladewater-Dr-75033/home/32643034,Coming Soon,112690,N,Y,33.158408,-96.884626
MLS Listing,,Vacant Land,9804 Wyndbrook Dr,Frisco,TX,75035,399000,,,Meadows of Preston Phase II,,9108,,1,,25,Active,,,https://www.redfin.com/TX/Frisco/9804-Wyndbrook-Dr-75035/home/187696203,NTREIS,21202163,N,Y,33.1494196,-96.7964048
MLS Listing,,Single Family Residential,1016 Porter Dr,Frisco,TX,75036,724835,5,4.5,Villages of Creekwood,3633,8625,2026,1,200,124,Active,,,https://www.redfin.com/TX/Frisco/1016-Porter-Dr-75036/home/200795737,NTREIS,21202118,N,Y,33.1542283,-96.9002068
MLS Listing,,Single Family Residential,1094 Porter Dr,Frisco,TX,75036,688232,4,3.5,Villages of Creekwood,2937,8538,2026,1,234,124,Active,,,https://www.redfin.com/TX/Frisco/1094-Porter-Dr-75036/home/200795604,NTREIS,21202089,N,Y,33.1542135,-96.9008451
MLS Listing,,Single Family Residential,1042 Porter Dr,Frisco,TX,75036,667407,4,3.5,Villages of Creekwood,2787,8843,2026,1,239,124,Active,,,https://www.redfin.com/TX/Frisco/1042-Porter-Dr-75036/home/200795482,NTREIS,21202072,N,Y,33.1542244,-96.9004219
MLS Listing,,Single Family Residential,1344 Overton St,Frisco,TX,75036,488954,3,2.5,Villages of Creekwood,2061,6316,2026,1,237,124,Active,,,https://www.redfin.com/TX/Frisco/1344-Overton-St-75036/home/200794875,NTREIS,21201919,N,Y,33.151004,-96.9032453
MLS Listing,,Single Family Residential,2655 Sleepy Hollow Trl,Frisco,TX,75033,799900,5,4.0,The Fairways Ph 2,3715,8407,2001,1,215,53,Active,,,https://www.redfin.com/TX/Frisco/2655-Sleepy-Hollow-Trl-75033/home/33136810,NTREIS,21201468,N,Y,33.1671641,-96.8683182
MLS Listing,,Single Family Residential,1454 Melcer St,Frisco,TX,75036,592617,4,3.5,Villages of Creekwood,3141,6098,2026,1,189,124,Active,,,https://www.redfin.com/TX/Frisco/1454-Melcer-St-75036/home/200794857,NTREIS,21201898,N,Y,33.1517972,-96.9038599
MLS Listing,,Single Family Residential,1378 Overton St,Frisco,TX,75036,568410,4,3.5,Villages of Creekwood,3137,6316,2026,1,181,124,Active,,,https://www.redfin.com/TX/Frisco/1378-Overton-St-75036/home/200792891,NTREIS,21201897,N,Y,33.1510045,-96.9034413
MLS Listing,,Single Family Residential,1454 Marburg Ln,Frisco,TX,75036,550663,4,3.0,Villages of Creekwood,2871,6316,2026,1,192,124,Active,,,https://www.redfin.com/TX/Frisco/1454-Marburg-Ln-75036/home/200792875,NTREIS,21201895,N,Y,33.1502139,-96.9038364
MLS Listing,,Single Family Residential,12350 Honeyflower Dr,Frisco,TX,75035,769999,5,4.0,Independence Estates,3754,7841,2014,1,205,42,Active,,,https://www.redfin.com/TX/Frisco/12350-Honeyflower-Dr-75035/home/67125576,NTREIS,21201397,N,Y,33.1794721,-96.7460869
MLS Listing,,Single Family Residential,1865 Bareback Ranch Rd,Frisco,TX,75036,1500000,5,5.5,Phillips Creek Ranch Ph 1,4538,12240,2018,1,331,202,Active,,,https://www.redfin.com/TX/Frisco/1865-Bareback-Ranch-Rd-75036/home/109672880,NTREIS,21201817,N,Y,33.1379615,-96.8757646
MLS Listing,,Single Family Residential,4272 Sechrist Dr,Frisco,TX,75034,650000,3,2.5,Park West,2387,3136,2019,1,272,92,Active,,,https://www.redfin.com/TX/Frisco/4272-Sechrist-Dr-75034/home/167527148,NTREIS,21168646,N,Y,33.1517922,-96.8514743
MLS Listing,,Single Family Residential,1093 Modesto Dr,Frisco,TX,75036,880000,4,3.5,Villages of Creekwood Phase 2,3770,9017,2024,1,233,124,Active,,,https://www.redfin.com/TX/Frisco/1093-Modesto-Dr-75036/home/198677987,NTREIS,21201412,N,Y,33.1521563,-96.9006615
MLS Listing,,Single Family Residential,7008 Chardonnay Dr,Frisco,TX,75035,449000,3,2.0,Preston Vineyards Sec Two,1786,7405,1994,1,251,,Active,,,https://www.redfin.com/TX/Frisco/7008-Chardonnay-Dr-75035/home/32089263,NTREIS,21199848,N,Y,33.1368635,-96.7895947
MLS Listing,,Townhouse,9476 Espalier St,Frisco,TX,75035,547410,3,2.5,Village On Main Street Townhomes,2343,3049,2025,1,234,351,Active,,,https://www.redfin.com/TX/Frisco/9476-Espalier-St-75035/home/194860409,NTREIS,21197974,N,Y,33.151725,-96.799911
MLS Listing,,Single Family Residential,3944 Grayson Ln,Frisco,TX,75033,659900,3,2.0,Brookside Ph 1a,1719,4617,2023,1,384,225,Active,,,https://www.redfin.com/TX/Frisco/3944-Grayson-Ln-75033/home/187411718,NTREIS,21201419,N,Y,33.1921457,-96.8535399
MLS Listing,,Single Family Residential,8809 Oakwood Ln,Frisco,TX,75035,439800,3,2.0,Hillcrest Highlands Ph II,1746,6970,1998,2,252,,Active,,,https://www.redfin.com/TX/Frisco/8809-Oakwood-Ln-75035/home/32100372,NTREIS,21195164,N,Y,33.151516,-96.7881724
MLS Listing,,Single Family Residential,11663 Frontier Dr,Frisco,TX,75033,874900,4,3.5,Eldorado Fairways At The Trail,4010,8668,2004,2,218,63,Active,,,https://www.redfin.com/TX/Frisco/11663-Frontier-Dr-75033/home/32568052,NTREIS,21193766,N,Y,33.1750357,-96.8756948
MLS Listing,,Single Family Residential,15193 Basket Oak Rd,Frisco,TX,75035,1136000,6,5.0,Garilen Ph 1b,3419,8451,2018,2,332,212,Active,,,https://www.redfin.com/TX/Frisco/15193-Basket-Oak-Rd-75035/home/167682557,NTREIS,21200063,N,Y,33.1484567,-96.7440604
MLS Listing,,Single Family Residential,3443 Hickory Grove Ln,Frisco,TX,75033,1550000,5,4.5,Newman Village Ph One,3894,10759,2013,2,398,314,Active,,,https://www.redfin.com/TX/Frisco/3443-Hickory-Grove-Ln-75033/home/44650161,NTREIS,21200342,N,Y,33.1844046,-96.8582812
MLS Listing,,Single Family Residential,1913 Elite Rd,Mckinney,TX,75071,519900,4,2.5,Parcel 1708,2147,13852,2016,2,242,56,Active,,,https://www.redfin.com/TX/McKinney/1913-Elite-Rd-75071/home/51675831,NTREIS,21188299,N,Y,33.2178918,-96.7602402
MLS Listing,,Single Family Residential,8633 Ludlow Dr,Frisco,TX,75036,450000,3,2.0,Oakmont At Frisco,1637,4008,2015,2,275,58,Active,,,https://www.redfin.com/TX/Frisco/8633-Ludlow-Dr-75036/home/59377542,NTREIS,21201158,N,Y,33.1503307,-96.8883534
MLS Listing,,Single Family Residential,3515 Timberland Pl,Frisco,TX,75033,1490000,5,5.5,Northwood Manor,4482,9694,2022,2,332,94,Active,,,https://www.redfin.com/TX/Frisco/3515-Timberland-Pl-75033/home/176691488,NTREIS,21201142,N,Y,33.1852854,-96.8575234
MLS Listing,,Single Family Residential,12576 Diamond Creek Dr,Frisco,TX,75035,1149900,5,4.5,Lexington,4121,7500,2023,2,279,125,Active,,,https://www.redfin.com/TX/Frisco/12576-Diamond-Creek-Dr-75035/home/182851128,NTREIS,21201037,N,Y,33.1634078,-96.7694937
MLS Listing,,Single Family Residential,3539 Crosshaven Ln,Frisco,TX,75033,725000,4,4.0,Heather Ridge Estates Ph V,3988,9365,2005,2,182,44,Active,,,https://www.redfin.com/TX/Frisco/3539-Crosshaven-Ln-75033/home/32592339,NTREIS,21199679,N,Y,33.1563711,-96.8588397
MLS Listing,,Single Family Residential,4101 San Gabriel Ave,Frisco,TX,75033,1175000,4,4.0,Newman Village,3316,8364,2016,2,354,308,Active,,,https://www.redfin.com/TX/Frisco/4101-San-Gabriel-Ave-75033/home/109672084,NTREIS,21178882,N,Y,33.1785127,-96.8522367
MLS Listing,,Single Family Residential,5242 Buena Vista Dr,Frisco,TX,75034,3650000,5,6.5,Starwood Ph Four Village 16,8134,23000,2004,2,449,220,Active,,,https://www.redfin.com/TX/Frisco/5242-Buena-Vista-Dr-75034/home/32324871,NTREIS,21200088,N,Y,33.1219328,-96.8364066
MLS Listing,,Single Family Residential,2263 Fawn Mist,Frisco,TX,75034,679000,3,2.5,Saddlebrook Village,2809,6011,2008,2,242,108,Active,,,https://www.redfin.com/TX/Frisco/2263-Fawn-Mist-Dr-75036/home/32532501,NTREIS,21197715,N,Y,33.1257775,-96.8714884
MLS Listing,,Single Family Residential,6616 Mountain Sky Rd,Frisco,TX,75036,1495000,5,5.5,Sheridan,4829,10019,2013,2,310,220,Active,,,https://www.redfin.com/TX/Frisco/6616-Mountain-Sky-Rd-75036/home/59371105,NTREIS,21197477,N,Y,33.1341294,-96.8799539
MLS Listing,,Single Family Residential,2551 Windgate Ln,Frisco,TX,75033,405000,3,2.0,The Trails Ph 1 Sec C,1646,5489,2000,2,246,120,Active,,,https://www.redfin.com/TX/Frisco/2551-Windgate-Ln-75033/home/33113813,NTREIS,21176233,N,Y,33.1544948,-96.8684941
MLS Listing,,Single Family Residential,10004 Bell Rock Rd,Frisco,TX,75035,425000,3,2.0,Sedona Ph Two,1785,4356,2009,2,238,75,Active,,,https://www.redfin.com/TX/Frisco/10004-Bell-Rock-Rd-75035/home/31743322,NTREIS,21199100,N,Y,33.1384812,-96.7951664
MLS Listing,,Single Family Residential,11016 Latimer Dr,Frisco,TX,75033,565000,4,2.5,Preston Highlands North Ph 4,3044,10019,1999,2,186,43,Active,,,https://www.redfin.com/TX/Frisco/11016-Latimer-Dr-75033/home/32115982,NTREIS,21200037,N,Y,33.1698095,-96.809385
MLS Listing,,Single Family Residential,13452 Spokane Way,Frisco,TX,75035,1870000,5,5.5,Lexington Ph Seven,5471,11674,2019,2,342,100,Active,,,https://www.redfin.com/TX/Frisco/13452-Spokane-Way-75035/home/161387154,NTREIS,21187616,N,Y,33.1691735,-96.7604264
MLS Listing,,Single Family Residential,8162 Robertson Dr,Frisco,TX,75036,467000,3,2.0,Heritage Village Ph 1,1819,7971,2001,2,257,50,Active,,,https://www.redfin.com/TX/Frisco/8162-Robertson-Dr-75036/home/33158536,NTREIS,21200281,N,Y,33.1463252,-96.8662758
MLS Listing,,Single Family Residential,11304 Meredith Dr,Frisco,TX,75036,479000,3,2.5,Enclave at Hidden Cove,2110,5445,2015,2,227,105,Active,,,https://www.redfin.com/TX/Frisco/11304-Meredith-Dr-75036/home/98168820,NTREIS,21198512,N,Y,33.1334713,-96.9352764
MLS Listing,,Single Family Residential,13162 Riverhill Rd,Frisco,TX,75033,1650000,5,5.5,Newman Village Ph 4,4657,13852,2017,2,354,300,Active,,,https://www.redfin.com/TX/Frisco/13162-Riverhill-Rd-75033/home/144103369,NTREIS,21158986,N,Y,33.1870283,-96.8502104
MLS Listing,,Single Family Residential,3583 Norwich Ln,Frisco,TX,75033,1275000,5,4.5,Shaddock Creek Estates Ph 2,4570,11718,2006,2,279,67,Active,March-14-2026 12:00 PM,March-14-2026 02:00 PM,https://www.redfin.com/TX/Frisco/3583-Norwich-Ln-75033/home/32628830,NTREIS,21170206,N,Y,33.1677947,-96.8579054
MLS Listing,,Single Family Residential,12736 Possum Kingdom Dr,Frisco,TX,75033,1286000,5,5.5,Emerson Estates Ph 2,4373,10934,2017,2,294,86,Active,,,https://www.redfin.com/TX/Frisco/12736-Possum-Kingdom-Dr-75033/home/108685352,NTREIS,21193414,N,Y,33.1837963,-96.8416335
MLS Listing,,Single Family Residential,4114 Peace Dr,Frisco,TX,75034,740000,4,2.5,Heritage Lakes Ph 1 & 3,3356,8668,2003,2,221,234,Active,,,https://www.redfin.com/TX/Frisco/4114-Peace-Dr-75034/home/33167887,NTREIS,21191321,N,Y,33.1107087,-96.8532255
MLS Listing,,Single Family Residential,5480 Braemar Dr,Frisco,TX,75034,1050000,3,2.5,Chase At Stonebriar The,3348,6098,2005,3,314,197,Active,,,https://www.redfin.com/TX/Frisco/5480-Braemar-Dr-75034/home/32323861,NTREIS,21198489,N,Y,33.0977656,-96.8401919
MLS Listing,,Single Family Residential,6481 Paragon Dr,Frisco,TX,75036,550000,2,2.0,Frisco Lakes By Del Webb Villa,2076,6316,2015,3,265,200,Active,,,https://www.redfin.com/TX/Frisco/6481-Paragon-Dr-75036/home/66897781,NTREIS,21198694,N,Y,33.1331761,-96.920504
MLS Listing,,Single Family Residential,16548 Indiangrass Rd,Frisco,TX,75033,824999,4,3.5,Hollyhock Ph 1b & 1c,2988,6665,2018,3,276,203,Active,,,https://www.redfin.com/TX/Frisco/16548-Indiangrass-Rd-75033/home/144102433,NTREIS,21197182,N,Y,33.215623,-96.8699929
MLS Listing,,Single Family Residential,12079 Kingsville Dr,Frisco,TX,75035,399900,3,2.0,Panther Creek Estates Ph IV,1846,6970,2006,3,217,44,Active,,,https://www.redfin.com/TX/Frisco/12079-Kingsville-Dr-75035/home/31639866,NTREIS,21199879,N,Y,33.1795591,-96.7729081
MLS Listing,,Single Family Residential,3942 Palace Pl,Frisco,TX,75033,459900,3,2.0,Kings Garden Ph 1,1919,7449,2002,3,240,50,Active,,,https://www.redfin.com/TX/Frisco/3942-Palace-Pl-75033/home/32515528,NTREIS,21198446,N,Y,33.1547477,-96.8544552
MLS Listing,,Single Family Residential,3709 Winding Way,Frisco,TX,75035,605225,6,3.0,Hillcrest Estates Sec II Ph Vii,2711,11326,1999,3,223,45,Active,,,https://www.redfin.com/TX/Frisco/3709-Winding-Way-75035/home/32119177,NTREIS,21199178,N,Y,33.1101207,-96.7828661
MLS Listing,,Single Family Residential,15174 Chipping Trl,Frisco,TX,75035,1095950,5,5.0,Collinsbrook Farm,4562,7884,2025,3,240,69,Active,,,https://www.redfin.com/TX/Frisco/15174-Chipping-Trl-75035/home/200700909,NTREIS,21199824,N,Y,33.2023606,-96.7701553
MLS Listing,,Single Family Residential,15025 Heartland Dr,Frisco,TX,75035,1014000,6,4.0,Collinsbrook Farm,4365,7884,2025,3,232,69,Active,,,https://www.redfin.com/TX/Frisco/15025-Heartland-Dr-75035/home/200700897,NTREIS,21199802,N,Y,33.2014266,-96.7697703
MLS Listing,,Single Family Residential,11743 Avondale Dr,Frisco,TX,75033,750000,4,3.5,Eldorado Fairways At The Trail,3415,8102,2003,3,220,70,Active,,,https://www.redfin.com/TX/Frisco/11743-Avondale-Dr-75033/home/32510562,NTREIS,21197184,N,Y,33.1761525,-96.8781719
MLS Listing,,Single Family Residential,5000 Seashore Ln,Frisco,TX,75036,465000,3,2.5,The Shores At Hidden Cove Phas,2546,6970,2013,3,183,93,Active,,,https://www.redfin.com/TX/Frisco/5000-Seashore-Ln-75036/home/51670545,NTREIS,21198030,N,Y,33.1399073,-96.9258891
MLS Listing,,Single Family Residential,14904 Heartland Dr,Frisco,TX,75035,1085950,5,5.0,Collinsbrook Farm,4320,7884,2025,3,251,69,Active,,,https://www.redfin.com/TX/Frisco/14904-Heartland-Dr-75035/home/200700907,NTREIS,21199792,N,Y,33.200684,-96.7691854
MLS Listing,,Single Family Residential,15097 Blakehill Dr,Frisco,TX,75035,694000,4,3.0,Turnbridge Manor Ph Three,3712,7841,2005,3,187,58,Active,,,https://www.redfin.com/TX/Frisco/15097-Blakehill-Dr-75035/home/31587240,NTREIS,21183227,N,Y,33.1260586,-96.7439499
MLS Listing,,Single Family Residential,2190 Alcove Dr,Frisco,TX,75034,889000,4,3.5,The Hills Of Kingswood Ph 2,3394,10454,2017,3,262,211,Active,,,https://www.redfin.com/TX/Frisco/2190-Alcove-Dr-75034/home/109696858,NTREIS,21188331,N,Y,33.1067364,-96.8722368
MLS Listing,,Single Family Residential,12883 Possum Kingdom Dr,Frisco,TX,75033,1030000,4,4.5,Emerson Estates Ph 2,3786,11456,2016,3,272,157,Active,,,https://www.redfin.com/TX/Frisco/12883-Possum-Kingdom-Dr-75033/home/109691299,NTREIS,21199440,N,Y,33.1852852,-96.8421923
MLS Listing,,Single Family Residential,10912 Yorkshire Ln,Frisco,TX,75033,999900,5,4.0,Shaddock Creek Estates Ph 1,4484,9801,2006,3,223,67,Active,,,https://www.redfin.com/TX/Frisco/10912-Yorkshire-Ln-75033/home/32614426,NTREIS,21164732,N,Y,33.1673996,-96.8592357
MLS Listing,,Single Family Residential,6110 Rachel Dr,Frisco,TX,75034,1325000,5,4.5,Starwood Ph 6 Villages 19 & 20,4907,11326,2004,3,270,283,Active,,,https://www.redfin.com/TX/Frisco/6110-Rachel-Dr-75034/home/31609174,NTREIS,21196755,N,Y,33.1311938,-96.8354344
MLS Listing,,Single Family Residential,6976 Valley Brook Dr,Frisco,TX,75035,800000,4,3.5,Hunters Creek Ph 2,3662,7405,2001,3,218,81,Active,,,https://www.redfin.com/TX/Frisco/6976-Valley-Brook-Dr-75035/home/32316073,NTREIS,21198771,N,Y,33.1364768,-96.7395772
MLS Listing,,Single Family Residential,6738 Barnes Dr,Frisco,TX,75034,1195000,4,4.5,Edgestone At Legacy Ph 2,3863,10585,2021,3,309,142,Active,,,https://www.redfin.com/TX/Frisco/6738-Barnes-Dr-75034/home/168888962,NTREIS,21186508,N,Y,33.1345391,-96.8515526
MLS Listing,,Single Family Residential,9671 Maple Hill Ln,Frisco,TX,75035,715000,4,2.5,Bretton Woods,2899,12502,2018,3,247,100,Active,,,https://www.redfin.com/TX/Frisco/9671-Maple-Hill-Ln-75035/home/110183146,NTREIS,21188984,N,Y,33.2134917,-96.797153
MLS Listing,,Single Family Residential,12221 Knots Ln,Frisco,TX,75036,499900,4,3.0,The Shores At Hidden Cove Phas,2750,6882,2012,3,182,105,Active,,,https://www.redfin.com/TX/Frisco/12221-Knots-Ln-75036/home/40363733,NTREIS,21196865,N,Y,33.1368605,-96.9235193
MLS Listing,,Single Family Residential,8845 Twin Pines Ln,Frisco,TX,75036,349900,2,2.0,Frisco Lakes By Del,1483,5227,2018,3,236,180,Active,,,https://www.redfin.com/TX/Frisco/8845-Twin-Pines-Ln-75036/home/167525621,NTREIS,21198933,N,Y,33.1528311,-96.9116007
MLS Listing,,Single Family Residential,12128 Curry Creek Dr,Frisco,TX,75035,624900,3,2.5,Prairie View Ph 2a,2373,7754,2018,3,263,87,Active,,,https://www.redfin.com/TX/Frisco/12128-Curry-Creek-Dr-75035/home/146441007,NTREIS,21177557,N,Y,33.192458,-96.7729208
MLS Listing,,Single Family Residential,14860 Bardwell Ln,Frisco,TX,75035,1155000,5,4.5,Villages Of Stonelake Estates Ph Ia,4776,10803,2012,3,242,59,Active,,,https://www.redfin.com/TX/Frisco/14860-Bardwell-Ln-75035/home/31820720,NTREIS,21198227,N,Y,33.1722241,-96.7467994
MLS Listing,,Single Family Residential,12214 Riviera Rd,Frisco,TX,75035,559900,5,3.5,Preston Lakes Add Ph Vii,2673,6534,1999,3,209,19,Active,,,https://www.redfin.com/TX/Frisco/12214-Riviera-Rd-75035/home/32250262,NTREIS,21197719,N,Y,33.1462662,-96.7714173
MLS Listing,,Townhouse,9016 Phoebe Rd,Frisco,TX,75035,549900,3,2.5,"GROVE FRISCO PHASE 7, THE (CFR), BLK A, LOT 56",2265,2897,2022,3,243,390,Active,,,https://www.redfin.com/TX/Frisco/9016-Phoebe-Rd-75035/home/181753852,NTREIS,21197482,N,Y,33.151376,-96.738068
MLS Listing,,Single Family Residential,1546 Trail View Ln,Frisco,TX,75034,900000,5,4.0,Lakeside At Lone Star Ranch,4326,8973,2004,3,208,119,Active,,,https://www.redfin.com/TX/Frisco/1546-Trail-View-Ln-75034/home/32575285,NTREIS,21181919,N,Y,33.1167441,-96.8779934
MLS Listing,,Single Family Residential,11722 Estacado Dr,Frisco,TX,75033,809000,5,4.5,Eldorado Fairways At The Trail,4378,8581,2002,3,185,53,Active,,,https://www.redfin.com/TX/Frisco/11722-Estacado-Dr-75033/home/32510509,NTREIS,21196744,N,Y,33.1759496,-96.8765273
MLS Listing,,Single Family Residential,7215 Switchgrass Rd,Frisco,TX,75033,415000,2,2.5,Frisco Spgs,1840,2657,2018,3,226,423,Active,,,https://www.redfin.com/TX/Frisco/7215-Switchgrass-Rd-75033/home/167133560,NTREIS,21188632,N,Y,33.1786676,-96.8213594
MLS Listing,,Single Family Residential,13798 Fernando Rd,Frisco,TX,75035,999000,5,4.5,Miramonte Ph 1b,3653,17511,2018,3,273,42,Active,,,https://www.redfin.com/TX/Frisco/13798-Fernando-Rd-75035/home/167674637,NTREIS,21187822,N,Y,33.1925811,-96.7855732
MLS Listing,,Single Family Residential,15669 Buffalo Creek Dr,Frisco,TX,75035,569000,4,2.0,Hunters Creek 01,2330,6534,2001,4,244,81,Active,,,https://www.redfin.com/TX/Frisco/15669-Buffalo-Creek-Dr-75035/home/32316050,NTREIS,21198590,N,Y,33.1329262,-96.7369628
MLS Listing,,Single Family Residential,3140 Ivygreen Rd,Frisco,TX,75034,999000,4,3.5,Pearson Farms 1b,4261,9496,2012,4,234,67,Active,,,https://www.redfin.com/TX/Frisco/3140-Ivygreen-Rd-75034/home/32635634,NTREIS,21195758,N,Y,33.1384256,-96.8622447
MLS Listing,,Single Family Residential,10201 Napa Valley Dr,Frisco,TX,75035,424000,4,2.5,Preston Vineyards Sec One,1963,6559,1991,4,216,,Active,,,https://www.redfin.com/TX/Frisco/10201-Napa-Valley-Dr-75035/home/32055512,NTREIS,21198528,N,Y,33.1338972,-96.7932483
MLS Listing,,Single Family Residential,1632 Lionheart Dr,Frisco,TX,75036,625000,5,3.0,Kings Crossing Ph 1,3991,6011,2003,4,157,21,Active,,,https://www.redfin.com/TX/Frisco/1632-Lionheart-Dr-75036/home/32535436,NTREIS,21158188,N,Y,33.1564199,-96.9023278
MLS Listing,,Single Family Residential,12313 Ark Rd,Frisco,TX,75035,415000,4,2.0,Preston Lakes Add Ph Viii,2133,11761,2001,4,195,19,Active,,,https://www.redfin.com/TX/Frisco/12313-Ark-Rd-75035/home/32274072,NTREIS,21194969,N,Y,33.1466709,-96.7705689
MLS Listing,,Single Family Residential,4422 Republic Dr,Frisco,TX,75034,579000,4,2.0,Heritage Lakes Ph 1 & 3,2319,7187,2004,4,250,240,Active,March-15-2026 02:00 PM,March-15-2026 04:00 PM,https://www.redfin.com/TX/Frisco/4422-Republic-Dr-75034/home/33167743,NTREIS,21193389,N,Y,33.1145709,-96.8502131
MLS Listing,,Single Family Residential,3889 Greenbrier Dr,Frisco,TX,75033,1599000,5,5.5,Newman Village Ph One,4953,12589,2013,4,323,267,Active,,,https://www.redfin.com/TX/Frisco/3889-Greenbrier-Dr-75033/home/40540173,NTREIS,21196575,N,Y,33.1826607,-96.853942
MLS Listing,,Single Family Residential,13831 Laferty St,Frisco,TX,75033,1300900,5,5.5,Fields,3849,8991,2026,4,338,225,Active,,,https://www.redfin.com/TX/Frisco/13831-Laferty-St-75033/home/192482843,NTREIS,21197822,N,Y,33.1930922,-96.8606567
MLS Listing,,Townhouse,8127 Challenger Ln,Frisco,TX,75034,526990,3,3.0,Wade Settlement,2323,1437,2026,4,227,300,Active,,,https://www.redfin.com/TX/Frisco/8127-Challenger-Ln-75034/home/182844182,NTREIS,21197744,N,Y,33.1119319,-96.8139971
MLS Listing,,Single Family Residential,7992 Cool River Dr,Frisco,TX,75036,370000,2,2.0,Frisco Lakes By Del Webb Villa,1611,5053,2016,4,230,200,Active,,,https://www.redfin.com/TX/Frisco/7992-Cool-River-Dr-75036/home/144099850,NTREIS,21194916,N,Y,33.14519,-96.9075206
MLS Listing,,Single Family Residential,12271 Latigo Dr,Frisco,TX,75035,419900,3,2.0,Frisco Heights - Ph 2,1898,8712,2004,4,221,73,Active,,,https://www.redfin.com/TX/Frisco/12271-Latigo-Dr-75035/home/31568224,NTREIS,21195095,N,Y,33.1795237,-96.7413933
MLS Listing,,Single Family Residential,1459 Polo Heights Dr,Frisco,TX,75033,696500,5,3.5,Grayhawk Sec II Ph I,4258,7667,2007,4,164,79,Active,,,https://www.redfin.com/TX/Frisco/1459-Polo-Heights-Dr-75033/home/32639850,NTREIS,21194715,N,Y,33.1919213,-96.8792608
MLS Listing,,Single Family Residential,11451 La Grange Dr,Frisco,TX,75035,599999,4,3.5,Panther Creek Estates Ph II,3350,6970,2004,4,179,43,Active,,,https://www.redfin.com/TX/Frisco/11451-La-Grange-Dr-75035/home/31562306,NTREIS,21194387,N,Y,33.175762,-96.7797712
MLS Listing,,Single Family Residential,14618 Edmonds St,Frisco,TX,75033,1869990,5,5.5,Brookside North Ph 2A,4473,,2026,5,418,,Active,,,https://www.redfin.com/TX/Frisco/14618-Edmonds-St-75033/home/200737209,NTREIS,21197171,N,Y,33.199292,-96.852762
MLS Listing,,Single Family Residential,1717 Angel Falls Dr,Frisco,TX,75036,580000,4,3.0,Westfalls Village Ph 4,2900,7192,1999,5,200,63,Active,,,https://www.redfin.com/TX/Frisco/1717-Angel-Falls-Dr-75036/home/33066686,NTREIS,21188799,N,Y,33.1459696,-96.8766842
MLS Listing,,Single Family Residential,6073 Forefront Ave,Frisco,TX,75036,1175000,5,4.5,Phillips Creek Ranch,4644,10106,2014,5,253,220,Active,,,https://www.redfin.com/TX/Frisco/6073-Forefront-Ave-75036/home/109677989,NTREIS,21197002,N,Y,33.1295507,-96.8828851
MLS Listing,,Single Family Residential,8479 Fair Oaks,Frisco,TX,75033,1249900,5,4.5,Preston Estates Second Sec,3326,36373,1984,5,376,,Active,,,https://www.redfin.com/TX/Frisco/8479-Fair-Oaks-75033/home/31968190,NTREIS,21180543,N,Y,33.1640937,-96.8095374
MLS Listing,,Single Family Residential,6105 Gilford Dr,Frisco,TX,75035,1195000,5,5.0,Richwoods Ph Twenty One,4573,12807,2016,5,261,125,Active,,,https://www.redfin.com/TX/Frisco/6105-Gilford-Dr-75035/home/110177870,NTREIS,21194488,N,Y,33.127863,-96.7612382
MLS Listing,,Single Family Residential,2399 Crystal Falls Dr,Frisco,TX,75036,625000,3,2.5,Westfalls Village Ph 1,2585,9583,2003,5,242,60,Active,,,https://www.redfin.com/TX/Frisco/2399-Crystal-Falls-Dr-75036/home/33111946,NTREIS,21194840,N,Y,33.1495361,-96.8699035
MLS Listing,,Single Family Residential,15723 Amber St,Frisco,TX,75033,699026,4,3.0,HAZELWOOD 55s,2368,6055,2025,5,295,131,Active,,,https://www.redfin.com/TX/Frisco/15723-Amber-St-75034/home/200570604,NTREIS,21195892,N,Y,33.208519,-96.8788511
MLS Listing,,Single Family Residential,15828 Amber St,Frisco,TX,75033,889329,4,4.5,HAZELWOOD 55s,3586,6360,2025,5,248,131,Active,March-14-2026 01:00 PM,March-14-2026 05:00 PM,https://www.redfin.com/TX/Frisco/15828-Amber-St-75034/home/197444655,NTREIS,21195344,N,Y,33.2098637,-96.8782677
MLS Listing,,Single Family Residential,12312 Hitch Rack Way,Mckinney,TX,75071,499000,3,2.5,Prestwyck,2111,5663,2016,6,236,62,Active,,,https://www.redfin.com/TX/McKinney/12312-Hitch-Rack-Way-75071/home/110181042,NTREIS,21188444,N,Y,33.211349,-96.7655875
MLS Listing,,Single Family Residential,11356 Four Roses Trl,Frisco,TX,75035,795000,4,3.0,Park Vista,2961,6098,2021,6,268,42,Active,,,https://www.redfin.com/TX/Frisco/11356-Four-Roses-Trl-75035/home/175633877,NTREIS,21195196,N,Y,33.1714018,-96.7630566
MLS Listing,,Single Family Residential,8780 Woodstream Dr,Frisco,TX,75034,405000,3,2.0,Woodstream Hills Add,1791,9148,1983,6,226,,Active,,,https://www.redfin.com/TX/Frisco/8780-Woodstream-Dr-75034/home/31970244,NTREIS,21187502,N,Y,33.1485467,-96.8113828
MLS Listing,,Single Family Residential,15308 Sassafras Rd,Frisco,TX,75035,1236000,4,3.5,Garilen Ph 1b,3046,12284,2020,6,406,212,Active,,,https://www.redfin.com/TX/Frisco/15308-Sassafras-Rd-75035/home/167682523,NTREIS,21187105,N,Y,33.1501127,-96.7428976
MLS Listing,,Single Family Residential,12432 Blue Ridge Dr,Frisco,TX,75033,520000,4,2.0,Northridge Ph 3,2497,8538,2006,6,208,83,Active,,,https://www.redfin.com/TX/Frisco/12432-Blue-Ridge-Dr-75033/home/32569692,NTREIS,21156397,N,Y,33.1820473,-96.8735674
MLS Listing,,Single Family Residential,5980 Culverdale Ln,Frisco,TX,75034,620000,3,3.0,Edgestone At Legacy,2167,6621,2018,6,286,144,Active,,,https://www.redfin.com/TX/Frisco/5980-Culverdale-Ln-75034/home/145299314,NTREIS,21175633,N,Y,33.128305,-96.8594369
MLS Listing,,Single Family Residential,10969 Coastal Violet Rd,Frisco,TX,75035,899900,5,4.0,Lexington Parks Ph Three,3520,6008,2022,6,256,125,Active,,,https://www.redfin.com/TX/Frisco/10969-Coastal-Violet-Rd-75035/home/182956031,NTREIS,21194992,N,Y,33.1677813,-96.7729264
MLS Listing,,Townhouse,9048 Phoebe Rd,Frisco,TX,75035,439000,2,2.5,"Grove Frisco Ph 7, The",1761,2657,2022,6,249,390,Active,,,https://www.redfin.com/TX/Frisco/9048-Phoebe-Rd-75035/home/179300687,NTREIS,21187945,N,Y,33.151536,-96.7380699
MLS Listing,,Single Family Residential,6332 Caroline Dr,Frisco,TX,75034,3500000,5,5.5,Starwood Ph Two Chamberlyne Place - Village 7,7413,20473,2000,6,472,317,Active,,,https://www.redfin.com/TX/Frisco/6332-Caroline-Dr-75034/home/32115634,NTREIS,21104876,N,Y,33.129129,-96.8323237
MLS Listing,,Single Family Residential,9608 Ironwood Dr,Frisco,TX,75033,619000,3,2.5,Heather Ridge Estates,2793,2793,2006,6,222,44,Active,March-14-2026 01:00 PM,March-14-2026 04:00 PM,https://www.redfin.com/TX/Frisco/9608-Ironwood-Dr-75033/home/32511356,NTREIS,21193947,N,Y,33.159221,-96.8575531
MLS Listing,,Single Family Residential,5572 Foard Dr,Frisco,TX,75034,995000,3,3.0,Creekside At Stonebriar Ph 2,2688,6534,2006,6,370,170,Active,,,https://www.redfin.com/TX/Frisco/5572-Foard-Dr-75034/home/31630802,NTREIS,21180250,N,Y,33.0943036,-96.8397484
MLS Listing,,Single Family Residential,11553 Penick Way,Frisco,TX,75033,799000,4,3.5,The Fairways Ph 7,3097,7057,2011,7,258,,Active,,,https://www.redfin.com/TX/Frisco/11553-Penick-Way-75033/home/32601784,NTREIS,21194483,N,Y,33.1736288,-96.8694522
MLS Listing,,Single Family Residential,4514 Childress Trl,Frisco,TX,75034,619000,4,3.5,Stewart Creek Estates Ph 1,2855,5489,2002,7,217,30,Active,,,https://www.redfin.com/TX/Frisco/4514-Childress-Trl-75034/home/33129622,NTREIS,21192836,N,Y,33.1165583,-96.8526642
MLS Listing,,Single Family Residential,9492 Sean Dr,Frisco,TX,75035,550000,4,2.0,Smith Estates,2379,8712,2000,7,231,42,Active,,,https://www.redfin.com/TX/Frisco/9492-Sean-Dr-75035/home/32293954,NTREIS,21193104,N,Y,33.1140248,-96.7994452
MLS Listing,,Single Family Residential,9458 Robinwoods Dr,Frisco,TX,75035,599900,3,2.5,Crown Ridge Ph 3 Sec 1,2323,9322,2018,7,258,43,Active,,,https://www.redfin.com/TX/Frisco/9458-Robinwoods-Dr-75035/home/51672163,NTREIS,21194148,N,Y,33.1967411,-96.7990138
MLS Listing,,Single Family Residential,636 Spurlock St,Frisco,TX,75036,1250000,4,3.0,Phillips Creek Ranch,3476,10149,2020,7,360,220,Active,,,https://www.redfin.com/TX/Frisco/636-Spurlock-St-75036/home/167532115,NTREIS,21135469,N,Y,33.1373068,-96.8868702
MLS Listing,,Single Family Residential,1821 Marina Point Ct,Frisco,TX,75036,889900,3,3.0,Frisco Lakes By Del,2796,7971,2018,7,318,200,Active,,,https://www.redfin.com/TX/Frisco/1821-Marina-Point-Ct-75036/home/167537933,NTREIS,21171920,N,Y,33.1493358,-96.9074073
MLS Listing,,Single Family Residential,11145 Lamar Ln,Frisco,TX,75033,1150000,5,4.5,Shaddock Creek Estates Ph 3,4440,8189,2008,8,259,75,Active,,,https://www.redfin.com/TX/Frisco/11145-Lamar-Ln-75033/home/32621615,NTREIS,21193492,N,Y,33.1712917,-96.8521818
MLS Listing,,Single Family Residential,11150 Sugar Mill Ln,Frisco,TX,75033,1030000,4,3.5,Shaddock Creek Estates Ph 3,4224,7362,2008,8,244,67,Active,,,https://www.redfin.com/TX/Frisco/11150-Sugar-Mill-Ln-75033/home/32621683,NTREIS,21193912,N,Y,33.1714885,-96.8545531
MLS Listing,,Single Family Residential,5102 Kiowa Dr,Frisco,TX,75034,869000,4,3.5,Cheyenne Village Ph One,3807,8015,2004,8,228,47,Active,,,https://www.redfin.com/TX/Frisco/5102-Kiowa-Dr-75034/home/32508370,NTREIS,21193845,N,Y,33.1268211,-96.8445453
MLS Listing,,Single Family Residential,11108 Premier Dr,Frisco,TX,75033,570000,4,3.0,Preston Highlands North Ph 4,2893,10890,1999,8,197,43,Active,,,https://www.redfin.com/TX/Frisco/11108-Premier-Dr-75033/home/32115973,NTREIS,21193716,N,Y,33.1704182,-96.8104553
MLS Listing,,Single Family Residential,9917 Clover Forest Ct,Frisco,TX,75035,1249000,6,4.0,Bretton Woods Ph 2,4397,22216,2022,8,284,128,Active,,,https://www.redfin.com/TX/Frisco/9917-Clover-Forest-Ct-75035/home/182837478,NTREIS,21193455,N,Y,33.2118182,-96.7950631
MLS Listing,,Single Family Residential,4849 Glen Heather Dr,Frisco,TX,75034,889000,4,3.0,Estates On Legacy Drive Ph 2,3326,10716,2004,9,267,99,Active,,,https://www.redfin.com/TX/Frisco/4849-Glen-Heather-Dr-75034/home/32524336,NTREIS,21191538,N,Y,33.1195974,-96.8455372
MLS Listing,,Single Family Residential,13266 Grayhawk Blvd,Frisco,TX,75033,610000,3,2.0,Grayhawk Ph VI & Vii,2742,10759,2005,9,222,82,Active,,,https://www.redfin.com/TX/Frisco/13266-Grayhawk-Blvd-75033/home/32525969,NTREIS,21191014,N,Y,33.1880818,-96.8786313
MLS Listing,,Single Family Residential,7937 Piedmont Ave,Frisco,TX,75035,775000,4,3.5,Edgewood,3060,4574,2019,9,253,77,Active,,,https://www.redfin.com/TX/Frisco/7937-Piedmont-Ave-75035/home/169611230,NTREIS,21184240,N,Y,33.1428011,-96.7644751
MLS Listing,,Single Family Residential,7284 Banded Mustang Dr,Frisco,TX,75036,1280000,4,4.0,Phillips Creek Ranch Riverton,3928,10062,2020,9,326,220,Active,,,https://www.redfin.com/TX/Frisco/7284-Banded-Mustang-Dr-75036/home/144105817,NTREIS,21183251,N,Y,33.1395726,-96.8695254
MLS Listing,,Single Family Residential,4311 Siena Dr,Frisco,TX,75033,750000,4,3.0,Griffin Parc Ph 1,3301,7797,2004,9,227,79,Active,,,https://www.redfin.com/TX/Frisco/4311-Siena-Dr-75033/home/33164982,NTREIS,21189634,N,Y,33.1744048,-96.8509586
MLS Listing,,Single Family Residential,8412 Silverton Dr,Frisco,TX,75033,485000,3,2.0,Preston Highlands North Ph 3,2489,9148,1998,9,195,47,Active,,,https://www.redfin.com/TX/Frisco/8412-Silverton-Dr-75033/home/32258149,NTREIS,21192367,N,Y,33.1742129,-96.8087638
MLS Listing,,Single Family Residential,14025 Eleanor Ave,Frisco,TX,75035,1275000,5,5.5,Richwoods Ph Twelve,4563,10672,2014,9,279,150,Active,,,https://www.redfin.com/TX/Frisco/14025-Eleanor-Ave-75035/home/51674646,NTREIS,21191435,N,Y,33.126822,-96.7557222
MLS Listing,,Single Family Residential,3162 Oyster Bay Dr,Frisco,TX,75036,345000,2,2.0,Frisco Lakes By Del Webb Villa,1532,4966,2014,9,225,200,Active,,,https://www.redfin.com/TX/Frisco/3162-Oyster-Bay-Dr-75036/home/109678369,NTREIS,21189673,N,Y,33.1408087,-96.9207913
MLS Listing,,Single Family Residential,5800 Palomino,Frisco,TX,75034,549000,4,2.5,Sterling Ranch - Ph One,3034,6098,2002,9,181,35,Active,,,https://www.redfin.com/TX/Frisco/5800-Palomino-Dr-75034/home/32272863,NTREIS,21191554,N,Y,33.1337365,-96.837007
MLS Listing,,Single Family Residential,4379 Chasemoor Pl,Frisco,TX,75035,545000,3,2.0,Smith Estates,2040,9148,2000,9,267,42,Active,,,https://www.redfin.com/TX/Frisco/4379-Chasemoor-Pl-75035/home/32293936,NTREIS,21188526,N,Y,33.1146444,-96.8013092
MLS Listing,,Single Family Residential,5825 Shetland Cir,Frisco,TX,75034,550000,4,2.5,Sterling Ranch - Ph Two,3062,5227,2000,9,180,70,Active,,,https://www.redfin.com/TX/Frisco/5825-Shetland-Cir-75034/home/32296310,NTREIS,21192472,N,Y,33.1338352,-96.8365027
MLS Listing,,Single Family Residential,9919 Carriage Hill Ln,Frisco,TX,75035,599000,5,4.0,Village At Panther Creek Ph One The,4041,8276,2005,9,148,55,Active,,,https://www.redfin.com/TX/Frisco/9919-Carriage-Hill-Ln-75035/home/31593230,NTREIS,21192473,N,Y,33.1756332,-96.794555
MLS Listing,,Single Family Residential,3827 Vanderbilt Ln,Frisco,TX,75034,1827000,4,3.5,The Hills Of Kingswood Ph 1,4880,9278,2013,9,374,204,Active,,,https://www.redfin.com/TX/Frisco/3827-Vanderbilt-Ln-75034/home/32701324,NTREIS,21185438,N,Y,33.1107212,-96.8713731
MLS Listing,,Single Family Residential,1687 Sandstone Dr,Frisco,TX,75034,799000,5,4.0,Lakeside At Lone Star Ranch,4491,8973,2005,9,178,119,Active,,,https://www.redfin.com/TX/Frisco/1687-Sandstone-Dr-75034/home/32575258,NTREIS,21191468,N,Y,33.1179697,-96.8762948
MLS Listing,,Single Family Residential,8625 Scott Cir,Frisco,TX,75034,550000,4,3.0,Pecan Grove Estates Unit Two,2766,21344,1980,9,199,,Active,,,https://www.redfin.com/TX/Frisco/8625-Scott-Cir-75034/home/32181488,NTREIS,21185426,N,Y,33.1472501,-96.8197213
MLS Listing,,Single Family Residential,8234 Robertson Dr,Frisco,TX,75036,618000,4,3.5,Heritage Village Ph 1,2781,8843,2002,9,222,54,Active,,,https://www.redfin.com/TX/Frisco/8234-Robertson-Dr-75036/home/33158538,NTREIS,21189874,N,Y,33.1468636,-96.8668495
MLS Listing,,Single Family Residential,13722 Matthew Ln,Frisco,TX,75035,749900,4,3.5,Crown Ridge Ph 1,3708,8276,2006,10,202,76,Active,,,https://www.redfin.com/TX/Frisco/13722-Matthew-Ln-75035/home/31695112,NTREIS,21184377,N,Y,33.1913032,-96.7942211
MLS Listing,,Single Family Residential,9972 Gentry Dr,Frisco,TX,75035,730000,4,3.5,Village At Panther Creek Ph One The,3063,16117,2004,10,238,55,Active,,,https://www.redfin.com/TX/Frisco/9972-Gentry-Dr-75035/home/31592954,NTREIS,21187872,N,Y,33.1780524,-96.7941642
MLS Listing,,Single Family Residential,12921 Railhead Ct,Frisco,TX,75033,1775000,4,4.5,Newman Village,4472,13460,2015,10,397,328,Active,,,https://www.redfin.com/TX/Frisco/12921-Railhead-Ct-75033/home/99788920,NTREIS,21188750,N,Y,33.1858503,-96.8538318
MLS Listing,,Single Family Residential,7696 Chuck Wagon Trl,Frisco,TX,75036,1150000,4,4.0,Phillips Creek Ranch Riverton,3922,10846,2016,10,293,220,Active,,,https://www.redfin.com/TX/Frisco/7696-Chuck-Wagon-Trl-75036/home/109687462,NTREIS,21191276,N,Y,33.1427662,-96.8726874
MLS Listing,,Single Family Residential,9767 Maple Hill Ln,Frisco,TX,75035,969900,5,4.5,Bretton Woods Ph 1,3757,15246,2021,10,258,128,Active,,,https://www.redfin.com/TX/Frisco/9767-Maple-Hill-Ln-75035/home/110183410,NTREIS,21191646,N,Y,33.2135621,-96.7962615
MLS Listing,,Single Family Residential,4688 Mariner Dr,Frisco,TX,75034,800000,4,3.5,The Lakes On Legacy Drive Ph IV,3218,9017,2001,10,249,113,Active,,,https://www.redfin.com/TX/Frisco/4688-Mariner-Dr-75034/home/33078961,NTREIS,21189158,N,Y,33.1069912,-96.8476064
MLS Listing,,Single Family Residential,11849 Rodeo Dr,Frisco,TX,75035,499990,3,2.0,Frisco Heights #3,2212,10019,2005,10,226,33,Active,,,https://www.redfin.com/TX/Frisco/11849-Rodeo-Dr-75035/home/31587143,NTREIS,21191562,N,Y,33.1754337,-96.7406917
MLS Listing,,Single Family Residential,1675 Morris Ln,Frisco,TX,75034,825000,3,2.5,Creekside At Stonebriar Ph 2,2506,5227,2003,10,329,155,Active,,,https://www.redfin.com/TX/Frisco/1675-Morris-Ln-75034/home/31560429,NTREIS,21191388,N,Y,33.0931885,-96.8394509
MLS Listing,,Single Family Residential,4216 Vista Terrace Dr,Frisco,TX,75036,815000,5,4.0,Highland Ridge Ph 2,3875,9148,2013,10,210,119,Active,,,https://www.redfin.com/TX/Frisco/4216-Vista-Terrace-Dr-75036/home/52432471,NTREIS,21186446,N,Y,33.1156412,-96.8897306
MLS Listing,,Single Family Residential,11138 Still Hollow Dr,Frisco,TX,75035,425000,3,2.5,Lakes Of Preston Vineyards Vil,2004,4356,2000,10,212,61,Active,,,https://www.redfin.com/TX/Frisco/11138-Still-Hollow-Dr-75035/home/32274157,NTREIS,21189786,N,Y,33.1362913,-96.7830153
MLS Listing,,Single Family Residential,12009 Bonifay Ct,Mckinney,TX,75071,585000,4,3.5,Prestwyck,2705,7914,2014,10,216,60,Active,,,https://www.redfin.com/TX/McKinney/12009-Bonifay-Ct-75071/home/101340734,NTREIS,21188625,N,Y,33.2123425,-96.7629757
MLS Listing,,Single Family Residential,1266 Polo Heights Dr,Frisco,TX,75033,700000,3,3.0,GRAYHAWK,3372,6970,2007,10,208,82,Active,March-14-2026 11:00 AM,March-14-2026 02:00 PM,https://www.redfin.com/TX/Frisco/1266-Polo-Heights-Dr-75033/home/32640064,NTREIS,21190615,N,Y,33.1924343,-96.8809537
MLS Listing,,Single Family Residential,2084 Barret Dr,Frisco,TX,75033,564570,4,2.0,Northridge Ph 2,2507,8478,2004,10,225,67,Active,,,https://www.redfin.com/TX/Frisco/2084-Barret-Dr-75033/home/32508430,NTREIS,21191151,N,Y,33.1809247,-96.872565
MLS Listing,,Vacant Land,260 Dudley St,Richardson,TX,75080,650000,,,The Preserve at Fields,,8712,,10,,792,Active,,,https://www.redfin.com/TX/Richardson/260-Dudley-ST-75080/home/198580358,NTREIS,21191138,N,Y,33.201903,-96.856694
MLS Listing,,Vacant Land,239 Watson Blvd,Frisco,TX,75033,550000,,,The Preserve at Fields,,7710,,10,,792,Active,,,https://www.redfin.com/TX/Frisco/239-Watson-BLVD-75068/home/190468713,NTREIS,21191134,N,Y,33.201462,-96.855544
MLS Listing,,Vacant Land,201 Slateworth St,Richardson,TX,75080,810000,,,The Preserve at Fields,,17729,,10,,792,Active,,,https://www.redfin.com/TX/Richardson/201-Slateworth-ST-75080/home/191312371,NTREIS,21191133,N,Y,33.201787,-96.854356
MLS Listing,,Vacant Land,221 Slateworth St,Frisco,TX,75033,850000,,,The Preserve at Fields,,12632,,10,,792,Active,,,https://www.redfin.com/TX/Frisco/221-Slateworth-ST-Unknown/home/190468940,NTREIS,21191123,N,Y,33.201997,-96.854693
MLS Listing,,Vacant Land,443 Tannen Dr,Frisco,TX,75033,585000,,,The Preserve at Fields,,8581,,10,,792,Active,,,https://www.redfin.com/TX/Unknown/443-Tannen-Dr-75033/home/190518425,NTREIS,21191113,N,Y,33.201471,-96.850142
MLS Listing,,Single Family Residential,11357 Santa Maria Rd,Frisco,TX,75035,789900,4,3.5,Miramonte Ph 2a,3605,12240,2016,10,219,74,Active,,,https://www.redfin.com/TX/Frisco/11357-Santa-Maria-Rd-75035/home/110180094,NTREIS,21189968,N,Y,33.1931382,-96.7807706
MLS Listing,,Single Family Residential,5125 Normandy Dr,Frisco,TX,75034,2195000,5,4.5,The Lakes On Legacy Drive Ph II,5855,15551,2000,10,375,183,Active,,,https://www.redfin.com/TX/Frisco/5125-Normandy-Dr-75034/home/32901008,NTREIS,21188267,N,Y,33.1113675,-96.8433511
MLS Listing,,Single Family Residential,13514 Valencia Dr,Frisco,TX,75035,655000,4,4.0,Villages At Willow Bay Ph II,3476,9583,2006,10,188,55,Active,,,https://www.redfin.com/TX/Frisco/13514-Valencia-Dr-75035/home/31707481,NTREIS,21184242,N,Y,33.1774263,-96.7583312
MLS Listing,,Single Family Residential,7653 Edelweiss Trl,Frisco,TX,75034,649900,4,2.5,Village Lakes Ph 1,2766,7841,2009,11,235,63,Active,,,https://www.redfin.com/TX/Frisco/7653-Edelweiss-Trl-75034/home/32695469,NTREIS,21189312,N,Y,33.1431321,-96.8611111
MLS Listing,,Single Family Residential,3220 Munstead Trl,Frisco,TX,75033,469000,3,2.0,Griffin Parc Ph 2,1913,5489,2003,11,245,119,Active,,,https://www.redfin.com/TX/Frisco/3220-Munstead-Trl-75033/home/32522936,NTREIS,21164931,N,Y,33.1716727,-96.8618368
MLS Listing,,Single Family Residential,11589 Geranium Dr,Frisco,TX,75035,660000,4,3.5,Villages At Willow Bay South Ph I,3563,8712,2011,11,185,50,Active,,,https://www.redfin.com/TX/Frisco/11589-Geranium-Dr-75035/home/31745544,NTREIS,21182502,N,Y,33.1734993,-96.7534999
MLS Listing,,Single Family Residential,633 Benalla Dr,Frisco,TX,75036,1185000,5,6.0,Mainvue At Phillips Creek Ranc,4304,7797,2015,11,275,192,Active,,,https://www.redfin.com/TX/Frisco/633-Benalla-Dr-75036/home/67986410,NTREIS,21186949,N,Y,33.1219202,-96.8871773
MLS Listing,,Single Family Residential,12003 Yoakum Dr,Frisco,TX,75035,665000,5,3.5,Panther Creek Estates Ph IV,3989,6970,2006,11,167,43,Active,,,https://www.redfin.com/TX/Frisco/12003-Yoakum-Dr-75035/home/31639922,NTREIS,21188735,N,Y,33.1811573,-96.7737179
MLS Listing,,Single Family Residential,6194 Loxton Blvd,Frisco,TX,75034,1299900,5,4.0,Edgestone At Legacy,4416,11369,2019,11,294,125,Active,,,https://www.redfin.com/TX/Frisco/6194-Loxton-Blvd-75034/home/167522590,NTREIS,21189472,N,Y,33.1295615,-96.8550343
MLS Listing,,Single Family Residential,11001 Walden Ct,Frisco,TX,75033,700000,6,5.0,The Fairways Ph 3,3891,16117,2002,11,180,42,Active,,,https://www.redfin.com/TX/Frisco/11001-Walden-Ct-75033/home/32508648,NTREIS,21188716,N,Y,33.1692483,-96.8714766
MLS Listing,,Single Family Residential,6415 Mountain Sky Rd,Frisco,TX,75036,1450000,5,5.5,Phillips Creek,4846,11326,2013,11,299,220,Active,,,https://www.redfin.com/TX/Frisco/6415-Mountain-Sky-Rd-75036/home/52326461,NTREIS,21165814,N,Y,33.1323464,-96.8814327
MLS Listing,,Single Family Residential,9881 Cambridge Dr,Frisco,TX,75035,420000,3,2.0,Preston Gables Ph 3,1696,6534,1998,11,248,,Active,,,https://www.redfin.com/TX/Frisco/9881-Cambridge-Dr-75035/home/32103628,NTREIS,21178456,N,Y,33.1458046,-96.7950279
MLS Listing,,Single Family Residential,4308 Cheetah Trl,Frisco,TX,75034,925000,5,4.5,Kingswood Village PH 2,4383,8407,2015,11,211,97,Active,,,https://www.redfin.com/TX/Frisco/4308-Cheetah-Trl-75034/home/109684130,NTREIS,21173661,N,Y,33.1148148,-96.8641513
MLS Listing,,Single Family Residential,12632 Akenside Rd,Frisco,TX,75035,580000,3,2.5,Emory Park Phase Two (CFR),2075,5097,2019,12,280,58,Active,,,https://www.redfin.com/TX/Frisco/12632-Akenside-Rd-75035/home/144137533,NTREIS,21162898,N,Y,33.1486677,-96.769342
MLS Listing,,Single Family Residential,14272 Sedge Grass Dr,Frisco,TX,75033,819900,4,3.5,Glen View,3580,8320,2019,12,229,92,Active,,,https://www.redfin.com/TX/Frisco/14272-Sedgegrass-Dr-75033/home/167522858,NTREIS,21189485,N,Y,33.1970339,-96.8759498
MLS Listing,,Vacant Land,231 Watson Blvd,Frisco,TX,75033,625000,,,The Preserve at Fields,,8712,,12,,792,Active,,,https://www.redfin.com/TX/Frisco/231-Watson-Blvd-75033/home/198580350,NTREIS,21188242,N,Y,33.201355,-96.856417
MLS Listing,,Single Family Residential,4177 Roaring Fork Ln,Frisco,TX,75033,1650000,4,4.5,Shaddock Creek Estates Ph 6a,5000,11718,2014,12,330,125,Active,,,https://www.redfin.com/TX/Frisco/4177-Roaring-Fork-Ln-75033/home/32651230,NTREIS,21129280,N,Y,33.1656548,-96.8521447
MLS Listing,,Single Family Residential,2160 Wilderness Ct,Frisco,TX,75033,849900,4,3.5,The Trails Ph 1 Sec A,3782,11587,1999,12,225,120,Active,,,https://www.redfin.com/TX/Frisco/2160-Wilderness-Ct-75033/home/32538742,NTREIS,21186641,N,Y,33.1593779,-96.872484
MLS Listing,,Single Family Residential,5771 Aylworth Dr,Frisco,TX,75035,675000,4,3.5,Turnbridge Manor Ph Two,3674,7841,2003,12,184,63,Active,,,https://www.redfin.com/TX/Frisco/5771-Aylworth-Dr-75035/home/32325642,NTREIS,21187640,N,Y,33.1257114,-96.7501586
MLS Listing,,Single Family Residential,2462 Honeybee Ln,Frisco,TX,75036,359900,3,2.0,Frisco Lakes By Del Webb Villa,1469,4966,2013,12,245,200,Active,,,https://www.redfin.com/TX/Frisco/2462-Honeybee-Ln-75036/home/51670517,NTREIS,21169888,N,Y,33.1407009,-96.9141838
MLS Listing,,Single Family Residential,10646 Tall Timbers Trl,Frisco,TX,75035,635000,5,3.0,Lexington Parks Ph One,2402,4008,2023,12,264,175,Active,,,https://www.redfin.com/TX/Frisco/10646-Tall-Timbers-Trl-75035/home/182850989,NTREIS,21188532,N,Y,33.165329,-96.7695377
MLS Listing,,Single Family Residential,9780 Hickory Hill Rd,Frisco,TX,75035,845000,4,3.5,Bretton Woods Ph 1,3552,11761,2021,12,238,128,Active,,,https://www.redfin.com/TX/Frisco/9780-Hickory-Hill-Rd-75035/home/110183564,NTREIS,21187615,N,Y,33.2131402,-96.7962459
MLS Listing,,Single Family Residential,12829 Pearson Dr,Frisco,TX,75035,395000,3,2.0,Creekside At Preston Ph 2,1883,5663,2005,12,210,42,Active,,,https://www.redfin.com/TX/Frisco/12829-Pearson-Dr-75035/home/31603493,NTREIS,21188538,N,Y,33.1839894,-96.8006319
MLS Listing,,Single Family Residential,1860 Vista Creek Dr,Frisco,TX,75036,825000,2,2.5,Frisco Lakes By Del Webb Villa,2595,8843,2018,12,318,200,Active,,,https://www.redfin.com/TX/Frisco/1860-Vista-Creek-Dr-75036/home/144099886,NTREIS,21187301,N,Y,33.1476558,-96.9081031
MLS Listing,,Single Family Residential,11991 Cloverdale Rd,Frisco,TX,75035,1449000,6,5.5,Lexington Parks Ph Eight,4761,9102,2024,13,304,175,Active,,,https://www.redfin.com/TX/Frisco/11991-Cloverdale-Rd-75035/home/190302509,NTREIS,21188631,N,Y,33.1676183,-96.7752498
MLS Listing,,Single Family Residential,15771 Gladeside Ave,Frisco,TX,75033,720500,4,3.5,HAZELWOOD 40s,3101,6316,2025,14,232,131,Active,,,https://www.redfin.com/TX/Frisco/15771-Gladeside-Ave-75033/home/200570593,NTREIS,21187435,N,Y,33.2089727,-96.8742386
MLS Listing,,Vacant Land,8783 Carroll Cir,Frisco,TX,75034,1899900,,,Norris Austin Surv Abs #5,,44910,,14,,,Active,,,https://www.redfin.com/TX/Frisco/8783-Carroll-Cir-75034/home/32134119,NTREIS,21187436,N,Y,33.1487719,-96.8200607
MLS Listing,,Townhouse,1346 Marsh Ln,Frisco,TX,75033,591710,3,2.5,Hazelwood Townhomes,2469,2919,2025,14,240,376,Active,March-14-2026 01:00 PM,March-14-2026 05:00 PM,https://www.redfin.com/TX/Frisco/1346-Marsh-Ln-75033/home/192494601,NTREIS,21187235,N,Y,33.2073536,-96.8781313
MLS Listing,,Townhouse,1716 Mugwort Dr,Frisco,TX,75033,419990,2,2.5,Hazelwood Townhomes,1925,2265,2025,14,218,376,Active,March-14-2026 01:00 PM,March-14-2026 05:00 PM,https://www.redfin.com/TX/Frisco/1716-Mugwort-Dr-75033/home/192494728,NTREIS,21187231,N,Y,33.207329,-96.8747465
MLS Listing,,Single Family Residential,10051 Plainsman Ln,Frisco,TX,75035,749750,4,3.0,Village At Panther Creek Ph One The,3535,7841,2005,15,212,110,Active,,,https://www.redfin.com/TX/Frisco/10051-Plainsman-Ln-75035/home/31592934,NTREIS,21187125,N,Y,33.1790875,-96.7932607
MLS Listing,,Single Family Residential,1542 Sandia Ln,Frisco,TX,75033,825000,5,3.5,Eldorado Fairways At The Trail,4632,8538,2004,15,178,58,Active,,,https://www.redfin.com/TX/Frisco/1542-Sandia-Ln-75033/home/32508517,NTREIS,21185848,N,Y,33.1769605,-96.8777773
MLS Listing,,Single Family Residential,10311 Asheboro St,Frisco,TX,75035,599500,4,2.5,Cecile Place Ph II,2659,8712,1999,16,225,42,Active,,,https://www.redfin.com/TX/Frisco/10311-Asheboro-St-75035/home/32266182,NTREIS,21178874,N,Y,33.118206,-96.7897728
MLS Listing,,Single Family Residential,6032 Manderlay Dr,Frisco,TX,75034,1300000,4,3.5,Edgestone At Legacy South Phas,3473,10411,2019,16,374,125,Active,,,https://www.redfin.com/TX/Frisco/6032-Manderlay-Dr-75034/home/168879890,NTREIS,21180906,N,Y,33.1282634,-96.8575101
MLS Listing,,Single Family Residential,4105 Freedom Ln,Frisco,TX,75033,455000,3,2.0,Kings Garden Ph 1,1919,7275,2002,16,237,50,Active,,,https://www.redfin.com/TX/Frisco/4105-Freedom-Ln-75033/home/32515540,NTREIS,21131720,N,Y,33.1549677,-96.8525282
MLS Listing,,Single Family Residential,3366 Cabin Crest Pl,Frisco,TX,75033,1100000,4,4.5,Northwood Manor,3583,8538,2022,16,307,79,Active,March-14-2026 01:00 PM,March-14-2026 03:00 PM,https://www.redfin.com/TX/Frisco/3366-Cabin-Crest-Pl-75033/home/176691413,NTREIS,21185684,N,Y,33.1894351,-96.8585926
MLS Listing,,Vacant Land,1929 Lilac Ln,Frisco,TX,75034,1950000,,,The Hills Of Kingswood Ph 1,,39073,,16,,200,Active,,,https://www.redfin.com/TX/Frisco/1929-Lilac-Ln-75034/home/32701283,NTREIS,21186474,N,Y,33.1108242,-96.8748361
MLS Listing,,Single Family Residential,5702 Brookhill Ln,Frisco,TX,75034,679000,4,3.0,Quail Meadow Village Ph 1,3022,6490,2006,16,225,119,Active,,,https://www.redfin.com/TX/Frisco/5702-Brookhill-Ln-75034/home/33170852,NTREIS,21185707,N,Y,33.1261148,-96.8675698
MLS Listing,,Single Family Residential,6674 Waverly Ln,Frisco,TX,75035,530000,3,2.0,Parkside Estates,2718,8276,2000,16,195,25,Active,,,https://www.redfin.com/TX/Frisco/6674-Waverly-Ln-75035/home/32129188,NTREIS,21175993,N,Y,33.1335417,-96.7754364
MLS Listing,,Single Family Residential,7587 Joshua Rd,Frisco,TX,75033,829000,4,3.5,Frisco Springs,3559,9540,2021,16,233,147,Active,,,https://www.redfin.com/TX/Frisco/7587-Joshua-Rd-75033/home/169608285,NTREIS,21168820,N,Y,33.175646,-96.8181019
MLS Listing,,Single Family Residential,4111 Broadmoor Way,Frisco,TX,75033,1200000,3,2.5,Newman Village Ph 2a,3529,12066,2012,16,340,300,Active,,,https://www.redfin.com/TX/Frisco/4111-Broadmoor-Way-75033/home/52045315,NTREIS,21185681,N,Y,33.1773526,-96.8522227
MLS Listing,,Single Family Residential,13788 El Toro Rd,Frisco,TX,75035,620000,4,3.0,Miramonte Ph 2A,2385,7841,2015,16,260,83,Active,March-14-2026 11:00 AM,March-14-2026 01:00 PM,https://www.redfin.com/TX/Frisco/13788-El-Toro-Rd-75035/home/110177513,NTREIS,21186023,N,Y,33.1919043,-96.7804983
MLS Listing,,Single Family Residential,7404 Pasatiempo Dr,Frisco,TX,75036,459000,2,2.0,Frisco Lakes By Del Webb Ph 1b,1786,6621,2008,16,257,200,Active,,,https://www.redfin.com/TX/Frisco/7404-Pasatiempo-Dr-75036/home/32637872,NTREIS,21185782,N,Y,33.1399089,-96.9005422
MLS Listing,,Single Family Residential,13610 Yellowwood Ln,Frisco,TX,75033,1599000,5,5.5,Fields,4104,9496,2026,16,390,225,Active,,,https://www.redfin.com/TX/Frisco/13610-Yellowwood-Ln-75033/home/192482949,NTREIS,21185383,N,Y,33.1907652,-96.8548262
MLS Listing,,Single Family Residential,8597 Amethyst Ln,Frisco,TX,75036,725000,4,3.5,Villages Creekwood Ph 1,3278,6098,2021,16,221,124,Active,,,https://www.redfin.com/TX/Frisco/8597-Amethyst-Ln-75036/home/173941863,NTREIS,21174279,N,Y,33.150617,-96.9027178
MLS Listing,,Single Family Residential,10200 N County Rd,Frisco,TX,75033,2900000,4,3.0,Clayton Rogers,3000,117176,1984,16,967,,Active,,,https://www.redfin.com/TX/Frisco/10200-N-County-Rd-75033/home/32149328,NTREIS,21185513,N,Y,33.1608082,-96.8201614
MLS Listing,,Single Family Residential,8407 Lakota Trl,Frisco,TX,75033,599900,4,3.5,Preston Highlands North Ph 4,3055,8712,2000,16,196,42,Active,,,https://www.redfin.com/TX/Frisco/8407-Lakota-Trl-75033/home/32115998,NTREIS,21182976,N,Y,33.169208,-96.809335
MLS Listing,,Single Family Residential,4122 W Crescent Way,Frisco,TX,75034,749500,4,4.0,Heritage Lakes Ph 1,3777,7231,2005,17,198,230,Active,,,https://www.redfin.com/TX/Frisco/4122-W-Crescent-Way-75034/home/33111868,NTREIS,21185639,N,Y,33.113383,-96.8567761
MLS Listing,,Single Family Residential,4109 Chantilly Ln,Frisco,TX,75036,774990,4,4.5,The Preserve At Lone Star Ranc,3346,8276,2015,17,232,118,Active,,,https://www.redfin.com/TX/Frisco/4109-Chantilly-Ln-75036/home/109674826,NTREIS,21185353,N,Y,33.1120333,-96.8881077
MLS Listing,,Single Family Residential,10308 Napa Valley Dr,Frisco,TX,75035,515000,3,2.0,Preston Vineyards Sec One,2222,6098,1991,17,232,,Active,,,https://www.redfin.com/TX/Frisco/10308-Napa-Valley-Dr-75035/home/32054526,NTREIS,21184453,N,Y,33.1343157,-96.7918518
MLS Listing,,Single Family Residential,2201 Peters Colony Dr,Frisco,TX,75036,699000,4,2.5,Kings Court,3108,9932,2023,17,225,95,Active,,,https://www.redfin.com/TX/Frisco/2201-Peters-Colony-Dr-75036/home/179586533,NTREIS,21183369,N,Y,33.1538814,-96.8955725
MLS Listing,,Single Family Residential,7293 Misty Oaks Ln,Frisco,TX,75036,425000,3,2.0,Frisco Lakes By Del Webb Villa,1708,6098,2015,17,249,200,Active,,,https://www.redfin.com/TX/Frisco/7293-Misty-Oaks-Ln-75036/home/109681242,NTREIS,21145866,N,Y,33.1397784,-96.9222513
MLS Listing,,Single Family Residential,3827 W Crescent Way W,Frisco,TX,75034,875000,4,3.5,Heritage Lakes Ph 04 & 05,3567,16117,2004,17,245,230,Active,,,https://www.redfin.com/TX/Frisco/3827-W-Crescent-Way-75034/home/32546957,NTREIS,21183110,N,Y,33.109528,-96.8564762
MLS Listing,,Single Family Residential,6393 Paragon Dr,Frisco,TX,75036,529900,3,2.0,Frisco Lakes By Del Webb Villa,1973,6316,2015,17,269,200,Active,,,https://www.redfin.com/TX/Frisco/6393-Paragon-Dr-75036/home/58796117,NTREIS,21182663,N,Y,33.1324189,-96.9204891
MLS Listing,,Single Family Residential,13609 Fall Harvest Dr,Frisco,TX,75033,815000,6,4.5,Grayhawk Sec II Ph III,4650,12632,2005,17,175,75,Active,,,https://www.redfin.com/TX/Frisco/13609-Fall-Harvest-Dr-75033/home/32583288,NTREIS,21117720,N,Y,33.1916012,-96.8731224
MLS Listing,,Single Family Residential,1312 Royal Oaks Dr,Frisco,TX,75036,600000,4,2.5,Waterford Falls,2339,11064,2000,17,257,55,Active,,,https://www.redfin.com/TX/Frisco/1312-Royal-Oaks-Dr-75036/home/33119467,NTREIS,21180405,N,Y,33.151865,-96.8813705
MLS Listing,,Single Family Residential,383 Balboa Ct,Frisco,TX,75036,524900,2,2.0,Frisco Lakes By Del Webb Villa,1765,8407,2014,17,297,180,Active,,,https://www.redfin.com/TX/Frisco/383-Balboa-Ct-75036/home/109676572,NTREIS,21175855,N,Y,33.1335488,-96.8933831
MLS Listing,,Single Family Residential,5105 Treehouse Dr,Frisco,TX,75036,475000,3,2.0,The Shores At Hidden Cove Phas,2006,5750,2013,17,237,105,Active,,,https://www.redfin.com/TX/Frisco/5105-Treehouse-Dr-75036/home/59372117,NTREIS,21184836,N,Y,33.1386673,-96.9274966
MLS Listing,,Single Family Residential,8527 Harrier St,Frisco,TX,75035,1415360,5,6.0,The Grove Frisco,4066,10508,2026,17,348,204,Active,,,https://www.redfin.com/TX/Frisco/8527-Harrier-St-75035/home/198865911,NTREIS,21184996,N,Y,33.1495,-96.748737
MLS Listing,,Single Family Residential,7850 Estancia Dr,Frisco,TX,75036,399900,2,2.0,Frisco Lakes By Del Webb Villa,1533,5184,2010,17,261,180,Active,,,https://www.redfin.com/TX/Frisco/7850-Estancia-Dr-75036/home/35556955,NTREIS,21183402,N,Y,33.1449782,-96.9025608
MLS Listing,,Townhouse,8400 Hickory St #2503,Frisco,TX,75034,245000,1,1.5,Hickory Street Village Ph 1,884,1307,1987,17,277,359,Active,,,https://www.redfin.com/TX/Frisco/8400-Hickory-St-75034/unit-2503/home/32216385,NTREIS,21183892,N,Y,33.146227,-96.80927
MLS Listing,,Single Family Residential,924 Blanco Ln,Mckinney,TX,75071,725000,5,4.0,Prestwyck Parcel 1704,3492,8668,2014,17,208,62,Active,,,https://www.redfin.com/TX/McKinney/924-Blanco-Ln-75071/home/101343565,NTREIS,21146171,N,Y,33.211378,-96.7635566
MLS Listing,,Single Family Residential,13875 Alden Ln,Frisco,TX,75035,650000,4,3.5,Crown Ridge,3341,7623,2008,17,195,60,Active,,,https://www.redfin.com/TX/Frisco/13875-Alden-Ln-75035/home/31808489,NTREIS,21173723,N,Y,33.192466,-96.7991763
MLS Listing,,Single Family Residential,7495 Saint Stephens Sq,Frisco,TX,75035,489900,3,2.0,Queens Gate Ph 1,1785,3920,2005,17,274,76,Active,,,https://www.redfin.com/TX/Frisco/7495-Saint-Stephens-Sq-75035/home/31634423,NTREIS,21182797,N,Y,33.1403009,-96.7990562
MLS Listing,,Single Family Residential,12615 Burnt Prairie Ln,Frisco,TX,75035,985000,5,4.5,Prairie View Ph 1,3972,9191,2017,17,248,65,Active,,,https://www.redfin.com/TX/Frisco/12615-Burnt-Prairie-Ln-75035/home/110182334,NTREIS,21179874,N,Y,33.1901334,-96.7685017
MLS Listing,,Single Family Residential,9712 Winter Park Dr,Frisco,TX,75035,490000,4,2.0,Autumn Park,2500,6970,1998,17,196,,Active,,,https://www.redfin.com/TX/Frisco/9712-Winter-Park-Dr-75035/home/32263480,NTREIS,21182441,N,Y,33.133582,-96.7971792
MLS Listing,,Single Family Residential,3972 Grayson Ln,Frisco,TX,75033,2035000,4,5.0,Brookside Ph 1a,3005,8756,2023,18,677,225,Active,,,https://www.redfin.com/TX/Frisco/3972-Grayson-Ln-75033/home/186068171,NTREIS,21167248,N,Y,33.1921167,-96.8532775
MLS Listing,,Single Family Residential,11607 Harbor Rd,Frisco,TX,75035,420000,3,2.5,Preston Lakes Add Ph VI,1607,6098,1997,18,261,21,Active,,,https://www.redfin.com/TX/Frisco/11607-Harbor-Rd-75035/home/32241435,NTREIS,21183985,N,Y,33.1435004,-96.7778881
MLS Listing,,Single Family Residential,10809 River Oaks Dr,Frisco,TX,75035,519900,3,2.5,"RIDGEVIEW VILLAS (CPL), BLK D, LOT 10",2141,6776,1997,18,243,,Active,,,https://www.redfin.com/TX/Frisco/10809-River-Oaks-Dr-75035/home/32246712,NTREIS,21183857,N,Y,33.1088609,-96.7855039
MLS Listing,,Single Family Residential,1364 Aubrey Ln,Frisco,TX,75033,685000,4,3.5,Eldorado Fairways At The Trail,4199,7667,2003,18,163,,Active,,,https://www.redfin.com/TX/Frisco/1364-Aubrey-Ln-75033/home/32530343,NTREIS,21183648,N,Y,33.1743893,-96.8796352
MLS Listing,,Single Family Residential,13350 Lincolnshire Ln,Frisco,TX,75035,699900,4,3.5,Villages At Willow Bay Ph I,4108,8712,2006,18,170,64,Active,,,https://www.redfin.com/TX/Frisco/13350-Lincolnshire-Ln-75035/home/31688569,NTREIS,21156762,N,Y,33.1770395,-96.760446
MLS Listing,,Single Family Residential,5466 Travis Dr,Frisco,TX,75034,689900,3,2.5,Creekside At Stonebriar Ph 1,2507,5227,2000,19,275,170,Active,,,https://www.redfin.com/TX/Frisco/5466-Travis-Dr-75034/home/32115660,NTREIS,21181021,N,Y,33.0969794,-96.8406901
MLS Listing,,Townhouse,5928 Pisa Ln,Frisco,TX,75034,359000,2,2.5,Bella Casa,1670,2178,2006,19,215,300,Active,,,https://www.redfin.com/TX/Frisco/5928-Pisa-Ln-75034/home/31651506,NTREIS,21182059,N,Y,33.128994,-96.8265059
MLS Listing,,Single Family Residential,3887 Lacefield Dr,Frisco,TX,75035,1220000,5,4.0,Fields 50s,3622,6098,2026,19,337,223,Active,,,https://www.redfin.com/TX/Frisco/3887-Lacefield-Dr-75033/home/192482895,NTREIS,21182941,N,Y,33.1903034,-96.8536374
MLS Listing,,Townhouse,4254 Stratus Way,Frisco,TX,75034,744900,3,3.5,Southstone Yards,2435,3320,2026,19,306,281,Active,,,https://www.redfin.com/TX/Frisco/4254-Stratus-Way-75034/home/198682414,NTREIS,21182419,N,Y,33.086596,-96.851581
MLS Listing,,Single Family Residential,611 Mayfair Ln,Frisco,TX,75033,1099000,5,5.5,Estates at Rockhill,4021,10193,2025,19,273,88,Active,,,https://www.redfin.com/TX/Frisco/611-Mayfair-Ln-75033/home/187817181,NTREIS,21182381,N,Y,33.211433,-96.885553
MLS Listing,,Single Family Residential,409 Verbena Ln,Frisco,TX,75036,715000,3,2.5,The Landing At Waterstone Ph 1,2857,14331,2007,19,250,103,Active,,,https://www.redfin.com/TX/Frisco/409-Verbena-Ln-75036/home/32621704,NTREIS,21105103,N,Y,33.1294619,-96.8941418
MLS Listing,,Townhouse,8378 Massive Dr,Frisco,TX,75034,625000,3,3.5,Wade Settlement,2220,14810,2024,19,282,300,Active,,,https://www.redfin.com/TX/Frisco/8378-Massive-Dr-75034/home/182844261,NTREIS,21181802,N,Y,33.113103,-96.8112036
MLS Listing,,Single Family Residential,13261 Mannheim Dr,Frisco,TX,75033,599900,5,3.5,Grayhawk Ph VI & Vii,3418,7841,2004,19,176,75,Active,,,https://www.redfin.com/TX/Frisco/13261-Mannheim-Dr-75033/home/32526101,NTREIS,21176375,N,Y,33.1886897,-96.8752065
MLS Listing,,Single Family Residential,15026 Blakehill Dr,Frisco,TX,75035,699000,4,3.5,Turnbridge Manor Ph Three,3418,8169,2005,20,205,58,Active,,,https://www.redfin.com/TX/Frisco/15026-Blakehill-Dr-75035/home/31587219,NTREIS,21181522,N,Y,33.1263535,-96.7447906
MLS Listing,,Townhouse,7260 Confetti Ln,Frisco,TX,75033,507990,3,2.5,East Village Ph 1,1963,,2026,20,259,,Active,,,https://www.redfin.com/TX/Frisco/7260-Confetti-LN-75033/home/200520477,NTREIS,21181353,N,Y,33.19452263,-96.82450875
MLS Listing,,Single Family Residential,277 Pebble Beach Dr,Frisco,TX,75036,500000,2,2.0,Frisco Lakes By Del Webb Ph 1b,1899,6186,2006,20,263,200,Active,,,https://www.redfin.com/TX/Frisco/277-Pebble-Beach-Dr-75036/home/32638113,NTREIS,21176295,N,Y,33.1416111,-96.8928948
MLS Listing,,Townhouse,7114 Lathrop Ln,Frisco,TX,75033,509990,3,2.5,East Village Ph 1,1963,,2026,20,260,,Active,,,https://www.redfin.com/TX/Frisco/7114-Lathrop-LN-75033/home/200520425,NTREIS,21181338,N,Y,33.19416119,-96.82652353
MLS Listing,,Single Family Residential,4381 Hartebeest Trl,Frisco,TX,75034,734999,5,3.5,Kingswood Village PH 3,3824,,2016,21,192,67,Active,,,https://www.redfin.com/TX/Frisco/4381-Hartebeest-Trl-75034/home/109687975,NTREIS,21181050,N,Y,33.1155973,-96.8654859
MLS Listing,,Single Family Residential,5657 Kerry Dr,Frisco,TX,75035,725000,4,2.5,Richwoods Ph Twenty Three,2900,6098,2016,21,250,125,Active,,,https://www.redfin.com/TX/Frisco/5657-Kerry-Dr-75035/home/110182538,NTREIS,21170856,N,Y,33.1241867,-96.7594083
MLS Listing,,Single Family Residential,12704 Seagull Way,Frisco,TX,75036,399000,4,2.0,Hidden Cove Ph Two A,1768,5053,2009,21,226,81,Active,,,https://www.redfin.com/TX/Frisco/12704-Seagull-Way-75036/home/33211525,NTREIS,21178618,N,Y,33.1434346,-96.9160095
MLS Listing,,Single Family Residential,1613 Crown Point Dr,Frisco,TX,75036,410000,4,2.0,Kings Crossing Ph 2,1873,6011,2004,21,219,25,Active,,,https://www.redfin.com/TX/Frisco/1613-Crown-Point-Dr-75036/home/32541038,NTREIS,21179067,N,Y,33.15575,-96.9036621
MLS Listing,,Townhouse,9431 Speaker Dr,Frisco,TX,75035,567300,3,2.5,Village On Main Street Townhomes,2306,3049,2025,21,246,351,Active,,,https://www.redfin.com/TX/Frisco/9431-Speaker-Dr-75035/home/194860328,NTREIS,21180655,N,Y,33.1507713,-96.8006096
MLS Listing,,Single Family Residential,15798 Mandrake Trl,Frisco,TX,75033,916147,5,5.5,HAZELWOOD 55s,3945,6621,2025,21,232,131,Active,,,https://www.redfin.com/TX/Frisco/15798-Mandrake-Trl-75034/home/200516656,NTREIS,21180665,N,Y,33.2094919,-96.8746779
MLS Listing,,Single Family Residential,10909 Prescott Dr,Frisco,TX,75033,585000,5,3.0,Preston Highlands Village,3127,6534,2006,21,187,43,Active,,,https://www.redfin.com/TX/Frisco/10909-Prescott-Dr-75033/home/31651403,NTREIS,21180759,N,Y,33.1687457,-96.8071735
MLS Listing,,Single Family Residential,12423 Shoal Forest Ln,Frisco,TX,75033,1250000,3,2.5,Newman Village,3281,8364,2008,21,381,300,Active,,,https://www.redfin.com/TX/Frisco/12423-Shoal-Forest-Ln-75033/home/32703832,NTREIS,21175383,N,Y,33.1813408,-96.8527908
MLS Listing,,Single Family Residential,2100 Copperfield Ct,Frisco,TX,75036,799000,3,3.0,Westfalls Village Ph 1,4152,13024,1999,21,192,60,Active,,,https://www.redfin.com/TX/Frisco/2100-Copperfield-Ct-75036/home/33061844,NTREIS,21176326,N,Y,33.1518006,-96.8732089
MLS Listing,,Single Family Residential,16339 E Old Westbury Ln,Frisco,TX,75033,1088086,5,5.5,Estates at Rockhill,3758,9557,2025,22,290,90,Active,,,https://www.redfin.com/TX/Frisco/16339-Old-Westbury-Ln-75033/home/187817140,NTREIS,21180441,N,Y,33.213737,-96.887501
MLS Listing,,Vacant Land,16193 Gartner Rd,Frisco,TX,75035,2250000,,,"Grove Frisco Retail, The",,142572,,22,,,Active,,,https://www.redfin.com/TX/Frisco/16193-Gartner-Rd-75035/home/200513051,NTREIS,21180419,N,Y,33.1439428,-96.7350258
MLS Listing,,Single Family Residential,942 Carrington Greens Dr,Frisco,TX,75036,440000,3,2.0,Frisco Lakes By Del Webb Villa,1985,7100,2008,22,222,170,Active,,,https://www.redfin.com/TX/Frisco/942-Carrington-Greens-Dr-75036/home/32695329,NTREIS,21180115,N,Y,33.1340308,-96.9031491
MLS Listing,,Single Family Residential,7609 Belcrest Dr,Frisco,TX,75034,619995,4,2.5,Oakbrook Park Estates Ph II,3060,7405,1998,22,203,29,Active,,,https://www.redfin.com/TX/Frisco/7609-Belcrest-Dr-75034/home/32105182,NTREIS,21177494,N,Y,33.1419399,-96.8152151
MLS Listing,,Single Family Residential,11261 Tenison Ln,Frisco,TX,75033,760000,4,3.5,The Fairways Ph 2,3303,6229,2001,22,230,54,Active,,,https://www.redfin.com/TX/Frisco/11261-Tenison-Ln-75033/home/33136848,NTREIS,21179801,N,Y,33.1701103,-96.8693909
MLS Listing,,Single Family Residential,2246 Greenwood Dr,Frisco,TX,75036,639000,4,3.0,Heritage Village Ph 2,2818,8538,2004,23,227,54,Active,,,https://www.redfin.com/TX/Frisco/2246-Greenwood-Dr-75036/home/32559505,NTREIS,21179119,N,Y,33.1455031,-96.8717247
MLS Listing,,Single Family Residential,12396 Mikaela Dr,Frisco,TX,75033,830000,4,3.5,Frisco Springs,3552,8059,2021,23,234,92,Active,,,https://www.redfin.com/TX/Frisco/12396-Mikaela-Dr-75033/home/169608464,NTREIS,21153663,N,Y,33.1806788,-96.8179343
MLS Listing,,Single Family Residential,44 Armstrong Dr,Frisco,TX,75034,2490000,5,6.0,Villages Of Stonebriar Park,6518,13939,2005,23,382,292,Active,,,https://www.redfin.com/TX/Frisco/44-Armstrong-Dr-75034/home/31589181,NTREIS,21165638,N,Y,33.1039034,-96.8371884
MLS Listing,,Single Family Residential,13826 Salmon Dr,Frisco,TX,75035,630000,5,4.0,Villages At Willow Bay South Ph I,3648,7405,2009,23,173,64,Active,,,https://www.redfin.com/TX/Frisco/13826-Salmon-Dr-75035/home/31745421,NTREIS,21179686,N,Y,33.1722869,-96.7570595
MLS Listing,,Single Family Residential,1884 Marsh Point Dr,Frisco,TX,75036,385000,3,2.0,Frisco Lakes By Del Webb Villa,1471,4966,2018,23,262,200,Active,,,https://www.redfin.com/TX/Frisco/1884-Marsh-Point-Dr-75036/home/147514283,NTREIS,21179402,N,Y,33.1542591,-96.9085079
MLS Listing,,Single Family Residential,6281 Edgestone Dr,Frisco,TX,75034,1900000,5,5.5,Edgestone,4714,16117,2025,23,403,144,Active,,,https://www.redfin.com/TX/Frisco/6281-Edgestone-Dr-75034/home/144103647,NTREIS,21179318,N,Y,33.1302271,-96.8534923
MLS Listing,,Single Family Residential,12173 Bethel Dr,Frisco,TX,75033,745000,4,3.0,Village At Cobb Hill,2919,5663,2006,23,255,64,Active,,,https://www.redfin.com/TX/Frisco/12173-Bethel-Dr-75033/home/31676694,NTREIS,21175778,N,Y,33.1796957,-96.8352597
MLS Listing,,Single Family Residential,12995 Yale Ct,Frisco,TX,75035,865000,4,3.5,Edgewood,3390,5924,2019,23,255,77,Active,,,https://www.redfin.com/TX/Frisco/12995-Yale-Ct-75035/home/169611089,NTREIS,21165139,N,Y,33.1429453,-96.7653461
MLS Listing,,Single Family Residential,10437 Milkweed Ct,Frisco,TX,75035,1700000,6,7.0,Lexington Parks Ph Six,4984,8880,2025,23,341,125,Active,,,https://www.redfin.com/TX/Frisco/10437-Milkweed-Ct-75035/home/194851613,NTREIS,21167955,N,Y,33.1640597,-96.7769194
MLS Listing,,Single Family Residential,9453 Hedge St,Frisco,TX,75035,899914,5,5.5,Village on Main Street,3945,6098,2025,23,228,119,Active,,,https://www.redfin.com/TX/Frisco/9453-Hedge-St-75035/home/194860348,NTREIS,21179221,N,Y,33.149985,-96.800496
MLS Listing,,Single Family Residential,10881 Castle Dr,Frisco,TX,75035,410000,3,2.0,Preston Ridge Ph Two,1612,6098,1992,23,254,,Active,,,https://www.redfin.com/TX/Frisco/10881-Castle-Dr-75035/home/32207135,NTREIS,21174583,N,Y,33.1429889,-96.7854483
MLS Listing,,Single Family Residential,9443 Hedge St,Frisco,TX,75035,864448,4,4.5,Village on Main Street,3586,6098,2025,23,241,119,Active,,,https://www.redfin.com/TX/Frisco/9443-Hedge-St-75035/home/194860349,NTREIS,21179213,N,Y,33.149987,-96.800675
MLS Listing,,Single Family Residential,3852 Lacefield Dr,Frisco,TX,75033,1149900,4,3.0,Fields,2512,6011,2023,23,458,225,Active,,,https://www.redfin.com/TX/Frisco/3852-Lacefield-Dr-75033/home/190355891,NTREIS,21176680,N,Y,33.1908051,-96.8541174
MLS Listing,,Single Family Residential,6195 Rachel Dr,Frisco,TX,75034,1550000,5,5.5,Starwood Ph 6 Villages 19 & 20,4778,13939,2005,23,324,283,Active,,,https://www.redfin.com/TX/Frisco/6195-Rachel-Dr-75034/home/31642293,NTREIS,21177887,N,Y,33.1308808,-96.8344013
MLS Listing,,Single Family Residential,7190 Oak St,Frisco,TX,75033,899999,4,2.0,Frisco Original Donation,2078,8712,1903,24,433,,Active,,,https://www.redfin.com/TX/Frisco/7190-Oak-St-75033/home/31967506,NTREIS,21153125,N,Y,33.1513039,-96.8215302
MLS Listing,,Single Family Residential,11672 Cape Royal Ln,Frisco,TX,75033,694900,5,3.5,The Fairways Ph 6,3641,8886,2002,24,191,53,Active,,,https://www.redfin.com/TX/Frisco/11672-Cape-Royal-Ln-75033/home/33169937,NTREIS,21178579,N,Y,33.174541,-96.8669735
MLS Listing,,Single Family Residential,1170 Southampton Dr,Frisco,TX,75036,779000,6,4.0,Windsor Place Ph 2,3439,10934,2004,24,227,24,Active,,,https://www.redfin.com/TX/Frisco/1170-Southampton-Dr-75036/home/32524355,NTREIS,21168524,N,Y,33.1488701,-96.8826016
MLS Listing,,Single Family Residential,9722 Great Hall Ln,Frisco,TX,75035,872198,5,5.5,Village on Main Street,3878,6098,2025,24,225,119,Active,,,https://www.redfin.com/TX/Frisco/9722-Great-Hall-Ln-75035/home/194860261,NTREIS,21178661,N,Y,33.152436,-96.796937
MLS Listing,,Single Family Residential,3206 Full Sail Ln,Frisco,TX,75036,520000,2,2.0,Frisco Lakes By Del Webb Villa,1563,6360,2017,24,333,180,Active,,,https://www.redfin.com/TX/Frisco/3206-Full-Sail-Ln-75036/home/144098748,NTREIS,21167551,N,Y,33.1376237,-96.9214387
MLS Listing,,Condo/Co-op,7901 Windrose Ave #1402,Plano,TX,75024,1150000,2,2.5,Windrose Tower At Legacy West Condo,1540,97182,2019,24,747,1906,Active,,,https://www.redfin.com/TX/Plano/7901-Windrose-Ave-75024/unit-1402/home/173552061,NTREIS,21178363,N,Y,33.0848562,-96.8268527
MLS Listing,,Townhouse,5582 Grosseto Dr,Frisco,TX,75034,385000,2,2.5,Bella Casa Ph 2,1687,2614,2008,24,228,325,Active,,,https://www.redfin.com/TX/Frisco/5582-Grosseto-Dr-75034/home/31732491,NTREIS,21171919,N,Y,33.126151,-96.824097
MLS Listing,,Single Family Residential,1562 Troon Dr,Frisco,TX,75036,415000,2,2.0,Frisco Lakes By Del Webb Villa,1533,4966,2011,24,271,200,Active,,,https://www.redfin.com/TX/Frisco/1562-Troon-Dr-75036/home/40601014,NTREIS,21175962,N,Y,33.1451309,-96.9058437
MLS Listing,,Single Family Residential,5212 Seashore Ln,Frisco,TX,75036,505000,4,2.5,The Shores At Hidden Cove Phas,2790,5750,2012,24,181,93,Active,,,https://www.redfin.com/TX/Frisco/5212-Seashore-Ln-75036/home/40949483,NTREIS,21177572,N,Y,33.1376478,-96.9262368
MLS Listing,,Single Family Residential,10247 Burnt Mill Ln,Frisco,TX,75035,735000,5,4.0,Village At Panther Creek Ph One The,4026,8276,2004,24,183,55,Active,,,https://www.redfin.com/TX/Frisco/10247-Burnt-Mill-Ln-75035/home/31593098,NTREIS,21178458,N,Y,33.1780704,-96.7911465
MLS Listing,,Single Family Residential,10006 Mallory Dr,Frisco,TX,75035,524900,4,2.0,Hillcrest Estates Ph VI,1933,6534,1996,24,272,,Active,,,https://www.redfin.com/TX/Frisco/10006-Mallory-Dr-75035/home/32235880,NTREIS,21178214,N,Y,33.1121792,-96.7932714
MLS Listing,,Single Family Residential,1810 Port Royal Ln,Frisco,TX,75036,550000,2,2.0,Frisco Lakes By Del,2197,6055,2019,24,250,180,Active,,,https://www.redfin.com/TX/Frisco/1810-Port-Royal-Ln-75036/home/167537919,NTREIS,21170268,N,Y,33.1507055,-96.9075066
MLS Listing,,Single Family Residential,6625 Titus Ln,Frisco,TX,75036,910000,4,5.5,Phillips Creek Ranch,3685,6752,2017,24,247,213,Active,,,https://www.redfin.com/TX/Frisco/6625-Titus-Ln-75036/home/167522009,NTREIS,21171513,N,Y,33.1340528,-96.8882175
MLS Listing,,Single Family Residential,11422 Chepstow Crescent Ct,Frisco,TX,75035,590000,4,3.0,Lexington Parks Ph Eleven,2069,2178,2024,24,285,170,Active,,,https://www.redfin.com/TX/Frisco/11422-Chepstow-Crescent-Ct-75035/home/189139880,NTREIS,21166552,N,Y,33.1740082,-96.7800705
MLS Listing,,Single Family Residential,13762 Plum Valley Dr,Frisco,TX,75033,665000,5,4.0,Grayhawk Sec II Ph II,3814,7841,2008,25,174,75,Active,,,https://www.redfin.com/TX/Frisco/13762-Plum-Valley-Dr-75033/home/32614469,NTREIS,21175028,N,Y,33.1930071,-96.8758856
MLS Listing,,Townhouse,5563 Cecina Dr,Frisco,TX,75034,400000,2,2.5,Bella Casa Ph 2,1670,2178,2007,25,240,325,Active,,,https://www.redfin.com/TX/Frisco/5563-Cecina-Dr-75034/home/31717634,NTREIS,21175576,N,Y,33.125715,-96.826217
MLS Listing,,Single Family Residential,2272 Fox Ridge Trl,Frisco,TX,75036,526000,3,2.5,Saddlebrook Village Ph 1,2478,6447,2003,25,212,119,Active,,,https://www.redfin.com/TX/Frisco/2272-Fox-Ridge-Trl-75036/home/33168999,NTREIS,21157612,N,Y,33.1244832,-96.8711695
MLS Listing,,Single Family Residential,11503 Empress Dr,Frisco,TX,75035,615000,4,3.0,Lexington Parks Ph Thirteen,2482,9779,2025,25,248,150,Active,,,https://www.redfin.com/TX/Frisco/11503-Empress-Dr-75035/home/197329827,NTREIS,21168311,N,Y,33.170483,-96.779807
MLS Listing,,Single Family Residential,6120 Canvas Back Dr,Frisco,TX,75034,1333000,4,4.5,Starwood Ph Two Village 8,3819,13068,1998,25,349,283,Active,,,https://www.redfin.com/TX/Frisco/6120-Canvas-Back-Dr-75034/home/32119045,NTREIS,21176433,N,Y,33.1300728,-96.8285473
MLS Listing,,Townhouse,11462 Fountainbridge Dr,Frisco,TX,75035,440000,4,3.0,Lakes Of Preston Vineyards Villages Ph Five The,2148,3920,2002,26,205,59,Active,,,https://www.redfin.com/TX/Frisco/11462-Fountainbridge-Dr-75035/home/32313472,NTREIS,21165192,N,Y,33.1369872,-96.7798424
MLS Listing,,Single Family Residential,8035 Cool River Dr,Frisco,TX,75036,420000,2,2.0,Frisco Lakes By Del Webb Villa,1675,5227,2016,26,251,200,Active,,,https://www.redfin.com/TX/Frisco/8035-Cool-River-Dr-75036/home/144099909,NTREIS,21174723,N,Y,33.145971,-96.9070711
MLS Listing,,Single Family Residential,13169 Courtney Dr,Frisco,TX,75033,565000,3,2.0,Christie Ranch Ph 2a,2287,6055,2010,26,247,79,Active,,,https://www.redfin.com/TX/Frisco/13169-Courtney-Dr-75033/home/32703780,NTREIS,21170568,N,Y,33.1875188,-96.8676399
MLS Listing,,Single Family Residential,3386 Betony St,Frisco,TX,75033,899000,4,3.5,Fields 40',2935,4792,2025,26,306,225,Active,,,https://www.redfin.com/TX/Frisco/3386-Betony-St-75033/home/192482900,NTREIS,21175745,N,Y,33.198054,-96.8591409
MLS Listing,,Single Family Residential,1125 Overton St,Frisco,TX,75036,508000,3,2.0,Villages Creekwood Ph 1,1917,6098,2021,27,265,124,Active,,,https://www.redfin.com/TX/Frisco/1125-Overton-St-75036/home/173941817,NTREIS,21175070,N,Y,33.1505247,-96.9010766
MLS Listing,,Single Family Residential,4392 Liam Dr,Frisco,TX,75034,979700,6,4.5,Heritage Green Ph 1,4920,10411,2000,27,199,77,Active,,,https://www.redfin.com/TX/Frisco/4392-Liam-Dr-75034/home/33128005,NTREIS,21151720,N,Y,33.1205577,-96.8502793
MLS Listing,,Single Family Residential,8325 Mint Mews,Frisco,TX,75035,859000,4,3.5,"Grove Frisco Ph 9, The",3254,4400,2024,28,264,212,Active,,,https://www.redfin.com/TX/Frisco/8325-Mint-Mews-75035/home/187698326,NTREIS,21174174,N,Y,33.1460335,-96.7356542
MLS Listing,,Single Family Residential,16194 Inca Dove Ct,Frisco,TX,75035,1179900,4,4.5,"Grove Frisco Ph 9, The",3377,14462,2023,28,349,212,Active,,,https://www.redfin.com/TX/Frisco/16194-Inca-Dove-Ct-75035/home/187698302,NTREIS,21172540,N,Y,33.1476664,-96.7337403
MLS Listing,,Single Family Residential,5007 Linda Ln,Frisco,TX,75033,650000,4,3.0,Cobb Farm Ph 2,3031,10585,2012,29,214,96,Active,,,https://www.redfin.com/TX/Frisco/5007-Linda-Ln-75033/home/52044477,NTREIS,21157019,N,Y,33.1804167,-96.8432238
MLS Listing,,Single Family Residential,16368 Parish Ln,Frisco,TX,75033,1100195,5,5.0,Estates at Rockhill,4121,7797,2025,29,267,90,Active,March-14-2026 10:00 AM,March-14-2026 05:00 PM,https://www.redfin.com/TX/Frisco/16368-Parish-Ln-75033/home/187817165,NTREIS,21173861,N,Y,33.213419,-96.88591
MLS Listing,,Single Family Residential,16322 W Old Westbury Ln,Frisco,TX,75033,988000,4,4.0,Estates at Rockhill,3827,7884,2024,29,258,90,Active,March-14-2026 10:00 AM,March-14-2026 05:00 PM,https://www.redfin.com/TX/Frisco/16322-Old-Westbury-Ln-75033/home/187817149,NTREIS,21173850,N,Y,33.213422,-96.886891
MLS Listing,,Townhouse,8159 Challenger Ln,Frisco,TX,75034,539990,3,3.0,Wade Settlement,2323,1437,2026,29,232,300,Active,,,https://www.redfin.com/TX/Frisco/8159-Challenger-Ln-75034/home/182844186,NTREIS,21173770,N,Y,33.111928,-96.8136738
MLS Listing,,Townhouse,8191 Challenger Ln,Frisco,TX,75034,539990,3,3.0,Wade Settlement,2323,1437,2026,29,232,300,Active,,,https://www.redfin.com/TX/Frisco/8191-Challenger-Ln-75034/home/182844190,NTREIS,21173739,N,Y,33.1119241,-96.8133505
MLS Listing,,Townhouse,8095 Challenger Ln,Frisco,TX,75034,531990,3,3.0,Wade Settlement,2323,1437,2026,29,229,300,Active,,,https://www.redfin.com/TX/Frisco/8095-Challenger-Ln-75034/home/182844178,NTREIS,21173732,N,Y,33.1119361,-96.8143367
MLS Listing,,Townhouse,8223 Challenger Ln,Frisco,TX,75034,582490,3,3.5,Wade Settlement,2187,2222,2026,29,266,300,Active,,,https://www.redfin.com/TX/Frisco/8223-Challenger-Ln-75034/home/182844193,NTREIS,21173727,N,Y,33.1119323,-96.8130891
MLS Listing,,Townhouse,8199 Challenger Ln,Frisco,TX,75034,559990,4,4.5,Wade Settlement,2512,1307,2026,29,223,300,Active,,,https://www.redfin.com/TX/Frisco/8199-Challenger-Ln-75034/home/182844191,NTREIS,21173726,N,Y,33.1119235,-96.8132786
MLS Listing,,Single Family Residential,2651 Sage Ridge Dr,Frisco,TX,75034,796000,5,4.0,Pearson Farms 1a,3650,7362,2006,30,218,63,Active,,,https://www.redfin.com/TX/Frisco/2651-Sage-Ridge-Dr-75034/home/32625516,NTREIS,21173715,N,Y,33.1343282,-96.8672877
MLS Listing,,Vacant Land,6734 Pecan St,Frisco,TX,75034,500000,,,Frisco Original Donation,,9060,,30,,,Active,,,https://www.redfin.com/TX/Frisco/6734-Pecan-St-75034/home/31967213,NTREIS,21173707,N,Y,33.1493436,-96.8273853
MLS Listing,,Single Family Residential,8109 Waimea St,Frisco,TX,75035,440000,3,2.0,Preston Oaks Add Ph III,1860,6098,1992,30,237,,Active,,,https://www.redfin.com/TX/Frisco/8109-Waimea-St-75035/home/32090968,NTREIS,21157932,N,Y,33.146357,-96.7890482
MLS Listing,,Single Family Residential,14192 Strawflowers Dr,Frisco,TX,75035,750000,5,4.0,Arbors At Willow Bay Ph IV The,3689,7797,2015,30,203,55,Active,,,https://www.redfin.com/TX/Frisco/14192-Strawflowers-Dr-75035/home/102796850,NTREIS,21171714,N,Y,33.1705913,-96.7532721
MLS Listing,,Single Family Residential,12744 Concho Dr,Frisco,TX,75033,665000,5,3.0,Northridge Ph 3,3760,10542,2004,30,177,69,Active,,,https://www.redfin.com/TX/Frisco/12744-Concho-Dr-75033/home/32569659,NTREIS,21173379,N,Y,33.1845152,-96.8726274
MLS Listing,,Vacant Land,803 Lilac Ln,Frisco,TX,75034,2100000,,,Hills of Kingswood Ph 6a,,39901,,30,,275,Active,,,https://www.redfin.com/TX/Frisco/803-Lilac-Ln-75034/home/200385446,NTREIS,21172051,N,Y,33.1085735,-96.8843234
MLS Listing,,Single Family Residential,3340 Betony St,Frisco,TX,75033,750000,4,3.0,Fields,2532,3833,2024,30,296,225,Active,,,https://www.redfin.com/TX/Frisco/3340-Betony-St-75033/home/190800196,NTREIS,21171969,N,Y,33.197822,-96.859779
MLS Listing,,Single Family Residential,11812 Bertram Rd,Mckinney,TX,75071,549900,4,4.0,PRESTWYCK,3153,5489,2013,30,174,62,Active,,,https://www.redfin.com/TX/McKinney/11812-Bertram-Rd-75071/home/51675810,NTREIS,21169076,N,Y,33.217198,-96.759529
MLS Listing,,Single Family Residential,5245 Evening Sun Dr,Frisco,TX,75034,549999,3,2.0,Quail Meadow Village Ph 1,2192,7928,2001,30,251,119,Active,,,https://www.redfin.com/TX/Frisco/5245-Evening-Sun-Dr-75034/home/33170931,NTREIS,21168418,N,Y,33.1223774,-96.8656722
MLS Listing,,Single Family Residential,4123 Wetstone Ln,Frisco,TX,75034,515000,3,2.5,Wade Settlement Ph One,2036,1655,2019,30,253,300,Active,March-14-2026 01:00 PM,March-14-2026 03:00 PM,https://www.redfin.com/TX/Frisco/4123-Wetstone-Ln-75034/home/167681740,NTREIS,21170097,N,Y,33.1123381,-96.8140379
MLS Listing,,Single Family Residential,10142 Boswell Dr,Frisco,TX,75035,500000,3,2.0,"Hills Of Crown Ridge Ph Two, The",1863,8320,2020,30,268,80,Active,,,https://www.redfin.com/TX/Frisco/10142-Boswell-Dr-75035/home/167683585,NTREIS,21159503,N,Y,33.1990612,-96.792297
MLS Listing,,Single Family Residential,987 Burnswick Isles Way,Frisco,TX,75036,558000,3,2.0,Frisco Lakes By Del Webb Ph 1b,1832,5706,2006,30,305,200,Active,,,https://www.redfin.com/TX/Frisco/987-Burnswick-Isles-Way-75036/home/32635316,NTREIS,21167645,N,Y,33.1435735,-96.8998901
MLS Listing,,Single Family Residential,12643 Canyon Oaks Dr,Frisco,TX,75033,1675000,5,5.5,Newman Village,4886,14331,2014,30,343,308,Active,,,https://www.redfin.com/TX/Frisco/12643-Canyon-Oaks-Dr-75033/home/65956419,NTREIS,21169722,N,Y,33.1829441,-96.8528777
MLS Listing,,Single Family Residential,6333 Hall Rd,Frisco,TX,75034,895000,4,4.0,Edgestone At Legacy,3688,6621,2017,31,243,144,Active,,,https://www.redfin.com/TX/Frisco/6333-Hall-Rd-75034/home/144916479,NTREIS,21172060,N,Y,33.1309356,-96.8589831
MLS Listing,,Single Family Residential,2270 English Ivy Rd,Frisco,TX,75033,744999,4,3.5,Hollyhock Ph 4,3162,6621,2019,31,236,201,Active,,,https://www.redfin.com/TX/Frisco/2270-English-Ivy-Rd-75033/home/168881983,NTREIS,21169934,N,Y,33.2096688,-96.8694176
MLS Listing,,Single Family Residential,6 Mission Hills Dr,Frisco,TX,75034,1395000,3,3.5,Stonebriar Sec III East Ph 2a,3954,7057,1995,31,353,300,Active,,,https://www.redfin.com/TX/Frisco/6-Mission-Hills-Dr-75034/home/32856436,NTREIS,21112048,N,Y,33.10259,-96.8492581
MLS Listing,,Single Family Residential,12576 Pond Cypress Ln,Frisco,TX,75035,699900,5,3.5,Villages At Willow Bay Ph III,3841,7405,2007,31,182,64,Active,,,https://www.redfin.com/TX/Frisco/12576-Pond-Cypress-Ln-75035/home/31770041,NTREIS,21171185,N,Y,33.1811345,-96.7565138
MLS Listing,,Single Family Residential,1519 San Andres Dr,Frisco,TX,75033,850000,5,4.5,Eldorado Fairways At The Trail,4378,8538,2003,31,194,125,Active,,,https://www.redfin.com/TX/Frisco/1519-San-Andres-Dr-75033/home/32508713,NTREIS,21162738,N,Y,33.1773557,-96.877914
MLS Listing,,Single Family Residential,11353 Seaside Ln,Frisco,TX,75035,1100000,6,4.0,Stonelake Estates Ph Three,4689,10367,2007,31,235,51,Active,,,https://www.redfin.com/TX/Frisco/11353-Seaside-Ln-75035/home/31720820,NTREIS,21171988,N,Y,33.1722729,-96.7413738
MLS Listing,,Single Family Residential,12956 Deep River Dr,Frisco,TX,75035,658000,4,2.5,Villages At Willow Bay Ph VI,2607,8407,2012,31,252,65,Active,,,https://www.redfin.com/TX/Frisco/12956-Deep-River-Dr-75035/home/31825101,NTREIS,21171686,N,Y,33.1817337,-96.765453
MLS Listing,,Single Family Residential,6073 Star Trail Dr,Frisco,TX,75034,1385000,3,3.5,Starwood Ph Two Village 10,3901,10454,2000,31,355,283,Active,,,https://www.redfin.com/TX/Frisco/6073-Star-Trail-Dr-75034/home/32125541,NTREIS,21169944,N,Y,33.1283404,-96.8379122
MLS Listing,,Single Family Residential,3801 Lacefield Dr,Frisco,TX,75033,1300000,5,5.5,Brookside Ph 1b,4108,7275,2024,31,316,225,Active,,,https://www.redfin.com/TX/Frisco/3801-Lacefield-Dr-75033/home/189957897,NTREIS,21162714,N,Y,33.1903205,-96.8549681
MLS Listing,,Single Family Residential,9433 Hedge St,Frisco,TX,75035,889225,5,5.5,Village on Main Street,3794,6098,2025,31,234,119,Active,March-14-2026 01:00 PM,March-14-2026 05:00 PM,https://www.redfin.com/TX/Frisco/9433-Hedge-St-75035/home/194860350,NTREIS,21171723,N,Y,33.149988,-96.800855
MLS Listing,,Single Family Residential,494 Burnswick Isles Way,Frisco,TX,75036,450000,2,2.0,Frisco Lakes Del Webb Ph 1a,1652,8146,2006,31,272,200,Active,,,https://www.redfin.com/TX/Frisco/494-Burnswick-Isles-Way-75036/home/32633224,NTREIS,21170804,N,Y,33.1418335,-96.8954941
MLS Listing,,Single Family Residential,3818 Ladera Heights Blvd,Frisco,TX,75034,1350000,4,4.5,Edgestone At Legacy South Phas,3263,9757,2019,31,414,144,Active,,,https://www.redfin.com/TX/Frisco/3818-Ladera-Heights-Blvd-75034/home/168879859,NTREIS,21164971,N,Y,33.1284068,-96.8558495
MLS Listing,,Condo/Co-op,7901 Windrose Ave #1203,Plano,TX,75024,1399000,2,2.5,Windrose Tower At Legacy West Condo,1834,97182,2019,31,763,2072,Active,,,https://www.redfin.com/TX/Plano/7901-Windrose-Ave-75024/unit-1203/home/173552055,NTREIS,21171639,N,Y,33.0848562,-96.8268527
MLS Listing,,Single Family Residential,11158 Graceland Ln,Frisco,TX,75033,800000,4,3.5,Shaddock Creek Estates Ph 3,3889,7362,2010,31,206,67,Active,March-14-2026 12:00 PM,March-14-2026 02:00 PM,https://www.redfin.com/TX/Frisco/11158-Graceland-Ln-75033/home/32621599,NTREIS,21168041,N,Y,33.1711286,-96.8498298
MLS Listing,,Single Family Residential,7247 Goose Creek Rd,Frisco,TX,75036,1170000,5,4.5,Phillips Creek Ranch Riverton,4013,8276,2020,31,292,220,Active,,,https://www.redfin.com/TX/Frisco/7247-Goose-Creek-Rd-75036/home/167534477,NTREIS,21168226,N,Y,33.1386244,-96.8789441
MLS Listing,,Townhouse,,Frisco,TX,75034,479900,3,2.5,BELLA CASA PHASE 1,2182,2178,2005,31,220,320,Active,,,https://www.redfin.com/TX/Frisco/Undisclosed-address-75034/home/31614072,NTREIS,21170759,N,Y,33.127948,-96.8262211
MLS Listing,,Single Family Residential,3634 Hamilton Heights Ave,Frisco,TX,75034,1799999,5,4.5,Edgestone At Legacy South Phas,4289,12894,2024,32,420,125,Active,,,https://www.redfin.com/TX/Frisco/3634-Hamilton-Heights-Ave-75034/home/147406807,NTREIS,21170094,N,Y,33.1259635,-96.8581381
MLS Listing,,Single Family Residential,1898 Tumblegrass Rd,Frisco,TX,75033,850000,4,3.5,Hollyhock Ph 1a,3083,8146,2020,32,276,201,Active,,,https://www.redfin.com/TX/Frisco/1898-Tumblegrass-Rd-75033/home/109699601,NTREIS,21164250,N,Y,33.2145675,-96.8729852
MLS Listing,,Single Family Residential,10243 Rosini Ct,Frisco,TX,75035,889900,6,4.0,Sorano,4622,14810,2011,32,193,45,Active,,,https://www.redfin.com/TX/Frisco/10243-Rosini-Ct-75035/home/31840865,NTREIS,21170527,N,Y,33.1605609,-96.7539054
MLS Listing,,Single Family Residential,5088 Stillwater Trl,Frisco,TX,75034,1239000,5,4.0,Starwood Village Ph 4 13,4138,10934,2001,32,299,283,Active,,,https://www.redfin.com/TX/Frisco/5088-Stillwater-Trl-75034/home/33167836,NTREIS,21161657,N,Y,33.1206519,-96.8420656
MLS Listing,,Single Family Residential,149 Montague Ln,Frisco,TX,75036,385000,2,2.0,Frisco Lakes By Del Webb Villa,1532,5532,2014,32,251,200,Active,,,https://www.redfin.com/TX/Frisco/149-Montague-Ln-75036/home/109675699,NTREIS,21168191,N,Y,33.1343546,-96.8914917
MLS Listing,,Single Family Residential,7469 Bryce Canyon Dr,Frisco,TX,75035,919000,4,3.5,Arbor At Lawler Park Ph 1 The,3769,7492,2012,32,244,92,Active,,,https://www.redfin.com/TX/Frisco/7469-Bryce-Canyon-Dr-75035/home/40628711,NTREIS,21170069,N,Y,33.1391994,-96.7595429
MLS Listing,,Single Family Residential,2172 Poppyvine Rd,Frisco,TX,75033,725000,4,3.0,Hollyhock Ph 4,2933,6621,2019,33,247,192,Active,,,https://www.redfin.com/TX/Frisco/2172-Poppyvine-Rd-75033/home/168881945,NTREIS,21170042,N,Y,33.2078963,-96.8703387
MLS Listing,,Single Family Residential,6873 Martel Pl,Frisco,TX,75035,1040000,5,4.5,Richwoods Ph Eighteen,4826,10759,2014,33,215,150,Active,,,https://www.redfin.com/TX/Frisco/6873-Martel-Pl-75035/home/67124336,NTREIS,21169630,N,Y,33.135070284,-96.76176564
MLS Listing,,Single Family Residential,3475 Pilgrim Dr,Frisco,TX,75034,749900,4,3.5,Heritage Lakes Ph 4 & 5,3569,7449,2005,33,210,240,Active,,,https://www.redfin.com/TX/Frisco/3475-Pilgrim-Dr-75034/home/32548094,NTREIS,21168396,N,Y,33.1075564,-96.8586889
MLS Listing,,Single Family Residential,14867 Little Bluestem Ln,Frisco,TX,75035,1990000,4,4.5,Tapestry Add Ph 1,4396,7275,2023,33,453,500,Active,,,https://www.redfin.com/TX/Frisco/14867-Little-Bluestem-Ln-75035/home/173551165,NTREIS,21164018,N,Y,33.1432682,-96.7471518
MLS Listing,,Single Family Residential,1861 Snapdragon Rd,Frisco,TX,75033,899000,4,4.0,Hollyhock Ph 1a,3446,8756,2016,33,261,201,Active,,,https://www.redfin.com/TX/Frisco/1861-Snapdragon-Rd-75033/home/109699211,NTREIS,21162539,N,Y,33.2130884,-96.8732207
MLS Listing,,Townhouse,1730 Mugwort Dr,Frisco,TX,75033,516540,3,2.5,Hazelwood Townhomes,2196,2265,2025,33,235,376,Active,March-14-2026 01:00 PM,March-14-2026 05:00 PM,https://www.redfin.com/TX/Frisco/1730-Mugwort-Dr-75033/home/192494729,NTREIS,21169222,N,Y,33.2073284,-96.874665
MLS Listing,,Townhouse,15832 Millwood Trl,Frisco,TX,75033,556670,3,2.5,Hazelwood Townhomes,2351,2265,2025,33,237,376,Active,March-14-2026 01:00 PM,March-14-2026 05:00 PM,https://www.redfin.com/TX/Frisco/15832-Millwood-Trl-75033/home/192494328,NTREIS,21169161,N,Y,33.2099551,-96.8773413
MLS Listing,,Single Family Residential,8240 Ottowa Rdg,Frisco,TX,75034,879900,4,3.5,Villages Of Majestic,3215,5924,2019,33,274,49,Active,,,https://www.redfin.com/TX/Frisco/8240-Ottowa-Rdg-75034/home/167524447,NTREIS,21168321,N,Y,33.1474851,-96.859921
MLS Listing,,Single Family Residential,6363 Pintail Ln,Frisco,TX,75034,2500000,5,5.5,Starwood Ph 6 Villages 19 & 20,6167,27007,2006,34,405,317,Active,,,https://www.redfin.com/TX/Frisco/6363-Pintail-Ln-75034/home/31609183,NTREIS,21154635,N,Y,33.129945,-96.8315703
MLS Listing,,Single Family Residential,15835 Durango Dr,Frisco,TX,75035,470000,3,2.0,Frisco Heights - Ph 1,2013,9583,2005,34,233,33,Active,,,https://www.redfin.com/TX/Frisco/15835-Durango-Dr-75035/home/31549763,NTREIS,21167066,N,Y,33.1778308,-96.7373207
MLS Listing,,Condo/Co-op,7901 Windrose Ave #1602,Plano,TX,75024,1249000,2,2.5,,1540,97182,2019,34,811,1570,Active,,,https://www.redfin.com/TX/Plano/7901-Windrose-Ave-75024/unit-1602/home/173552077,HLMLS as distributed by MLS GRID,176355,N,Y,33.0848562,-96.8268527
MLS Listing,,Townhouse,5452 Balmoral Dr,Frisco,TX,75034,625000,3,2.5,Chase At Stonebriar The,2238,3485,2001,34,279,323,Active,,,https://www.redfin.com/TX/Frisco/5452-Balmoral-Dr-75034/home/32324940,NTREIS,21151707,N,Y,33.0989937,-96.8405304
MLS Listing,,Single Family Residential,7767 Emilie Ln,Frisco,TX,75035,550000,4,2.5,Shepherds Hill Add - Ph II,2912,5663,2005,34,189,17,Active,,,https://www.redfin.com/TX/Frisco/7767-Emilie-Ln-75035/home/32319877,NTREIS,21168335,N,Y,33.1431536,-96.7729496
